sasdate,INDPRO,IPMANSICS,CUMFNS,UNRATE,CLAIMSx,CES0600000007,PERMIT,ANDENOx,CMRMTSPLx,BUSLOANS,M2REAL,COMPAPFFx,T10YFFM,HOUST,OILPRICEx,S&P 500
Transform:,5.0,5.0,2.0,2.0,5,1.0,4.0,5.0,5.0,6.0,5.0,1.0,1.0,4.0,6.0,5.0
1/1/1959,21.9998,20.8769,80.1973,6.0,291078,39.8,,,276676.8154,35.213,987.9,0.82,1.54,1657.0,3.0,55.62
2/1/1959,22.4306,21.2606,81.4428,5.9,282958,39.7,,,278713.9773,35.2201,992.1,0.83,1.53,1667.0,3.0,54.77
3/1/1959,22.7538,21.5932,82.4769,5.6,260346,40.0,,,277775.2539,35.1304,998.3,0.55,1.19,1620.0,2.97,56.16
4/1/1959,23.2384,22.0538,83.9922,5.2,246413,40.2,,,283362.7075,35.5581,1001.0,0.46,1.16,1590.0,2.97,57.1
5/1/1959,23.5885,22.3608,84.9159,5.1,246952,40.3,,,285307.2201,36.3064,1006.2,0.66,1.41,1498.0,2.97,57.96
6/1/1959,23.6155,22.3864,84.7686,5.0,258258,40.2,,,285279.593,37.1404,1010.3,0.44,0.95,1503.0,2.97,57.46
7/1/1959,23.05,21.977,82.9798,5.1,263248,39.9,,,288768.1868,37.6645,1012.7,0.51,0.93,1547.0,2.97,59.74
8/1/1959,22.2691,21.1072,79.4676,5.2,287143,40.0,,,273993.2729,38.089,1015.8,0.47,0.93,1430.0,2.97,59.4
9/1/1959,22.2421,21.056,79.0489,5.5,273947,40.0,,,278039.483,38.2605,1014.4,0.87,0.92,1540.0,2.97,57.05
10/1/1959,22.0806,20.8769,78.1537,5.7,312319,39.6,,,278490.1725,38.4113,1010.2,0.75,0.55,1355.0,2.97,57.0
11/1/1959,22.2152,21.0304,78.5051,5.8,350763,39.6,,,268450.0374,38.6978,1012.3,0.67,0.53,1416.0,2.97,57.23
12/1/1959,23.5885,22.4631,83.5682,5.3,271771,40.0,,,282104.7801,39.2932,1012.6,0.89,0.7,1601.0,2.97,59.06
1/1/1960,24.2078,23.0771,85.5616,5.2,276008,40.1,1092.0,,286930.9859,39.6291,1015.3,0.92,0.73,1460.0,2.97,58.03
2/1/1960,23.9924,22.898,84.6108,4.8,270543,39.7,1088.0,,291093.6977,39.7872,1014.6,0.69,0.52,1503.0,2.97,55.78
3/1/1960,23.777,22.6166,83.2421,5.4,308942,39.5,955.0,,283044.8908,40.018,1017.7,0.65,0.41,1109.0,2.97,55.02
4/1/1960,23.5885,22.4375,82.2593,5.2,299584,39.8,1016.0,,285847.3937,40.5152,1015.9,0.24,0.36,1289.0,2.97,55.73
5/1/1960,23.5616,22.3096,81.4711,5.1,317341,39.6,1052.0,,276978.5849,40.8926,1017.6,0.4,0.5,1271.0,2.97,55.22
6/1/1960,23.2654,22.0538,80.2236,5.4,321768,39.5,958.0,,279357.6743,41.3564,1020.9,0.49,0.83,1247.0,2.97,57.26
7/1/1960,23.1846,22.0026,79.7275,5.5,334039,39.6,999.0,,277446.1706,41.3958,1029.1,0.16,0.67,1197.0,2.97,55.84
8/1/1960,23.1577,21.9003,79.0505,5.6,361521,39.4,994.0,,277095.3541,41.3249,1036.5,0.36,0.82,1344.0,2.97,56.51
9/1/1960,22.9153,21.67,77.9187,5.5,353888,39.1,984.0,,281589.7872,41.4006,1041.5,0.79,1.2,1097.0,2.97,54.81
10/1/1960,22.8884,21.6444,77.5287,6.1,375119,39.4,972.0,,276281.2293,41.5247,1040.3,0.83,1.42,1246.0,2.97,53.73
11/1/1960,22.5653,21.2351,75.7724,6.1,383790,39.0,979.0,,273580.9078,41.6827,1044.0,0.84,1.49,1246.0,2.97,55.47
12/1/1960,22.1344,20.8769,74.2557,6.6,372391,38.0,951.0,,275729.4584,42.1051,1048.0,1.25,1.86,1063.0,2.97,56.8
1/1/1961,22.1613,20.9025,74.1095,6.6,380579,39.2,969.0,,265935.1877,42.0358,1052.6,1.53,2.39,1183.0,2.97,59.72
2/1/1961,22.1344,20.8001,73.512,6.9,433704,39.2,961.0,,269205.1952,41.9503,1060.7,0.49,1.24,1226.0,2.97,62.17
3/1/1961,22.2691,20.9536,73.8637,6.9,382956,39.1,1000.0,,275625.1907,42.0518,1066.7,1.01,1.72,1312.0,2.97,64.12
4/1/1961,22.7268,21.4397,75.3829,7.0,382747,39.1,1002.0,,267710.2492,42.2127,1073.1,1.42,2.29,1166.0,2.97,65.83
5/1/1961,23.0769,21.7723,76.356,7.1,358345,39.3,1027.0,,275423.8024,42.1342,1079.8,0.78,1.73,1228.0,2.97,66.5
6/1/1961,23.4,22.1049,77.3241,6.9,331716,39.6,1070.0,,280409.8864,42.4519,1086.8,1.18,2.15,1382.0,2.97,65.62
7/1/1961,23.6693,22.3864,78.1087,7.0,347116,39.7,1083.0,,274849.8655,42.5813,1088.2,1.55,2.75,1335.0,2.97,65.44
8/1/1961,23.8847,22.6934,78.9783,6.6,317851,39.7,1159.0,,284726.8653,42.6567,1094.2,0.92,2.04,1312.0,2.97,67.79
9/1/1961,23.8578,22.5143,78.1562,6.7,330492,39.2,1098.0,,286404.2647,42.7707,1099.1,1.17,2.1,1429.0,2.97,67.26
10/1/1961,24.3156,22.9748,79.5528,6.5,308441,40.0,1123.0,,285916.4158,42.9778,1104.4,0.74,1.66,1415.0,2.97,68.0
11/1/1961,24.6926,23.3842,80.7658,6.1,306364,40.2,1152.0,,290492.0293,43.1337,1112.1,0.37,1.33,1385.0,2.97,71.08
12/1/1961,24.908,23.6911,81.6041,6.0,293015,39.7,1161.0,,290719.3806,43.7997,1118.0,0.86,1.73,1365.0,2.97,71.74
1/1/1962,24.6925,23.3586,80.2408,5.8,296932,39.3,1122.0,,292962.8571,43.9853,1123.5,1.11,1.93,1361.0,2.97,69.07
2/1/1962,25.0964,23.7679,81.4267,5.5,290789,39.9,1194.0,,291710.9603,43.8688,1129.5,0.85,1.67,1278.0,2.97,70.22
3/1/1962,25.2311,23.9726,81.8912,5.6,285784,40.1,1134.0,,294971.9176,44.1012,1137.2,0.4,1.08,1443.0,2.97,70.29
4/1/1962,25.285,23.9982,81.7429,5.6,282623,40.1,1235.0,,292816.1638,44.5398,1143.7,0.42,1.06,1524.0,2.97,68.05
5/1/1962,25.258,23.947,81.3349,5.5,301972,40.2,1142.0,,295631.7077,44.8413,1149.1,0.8,1.51,1483.0,2.97,62.99
6/1/1962,25.2042,23.8958,80.9291,5.5,308059,40.0,1154.0,,293308.8034,45.5419,1156.2,0.57,1.23,1404.0,2.97,55.63
7/1/1962,25.4465,24.1261,81.476,5.4,305231,40.0,1189.0,,291713.9599,45.7268,1160.8,0.65,1.3,1450.0,2.97,56.97
8/1/1962,25.4734,24.1773,81.4168,5.7,307105,40.1,1200.0,,298514.3889,45.9234,1165.1,0.37,1.05,1517.0,2.97,58.52
9/1/1962,25.635,24.3564,81.7875,5.6,302275,40.1,1223.0,,293815.9271,46.3736,1166.7,0.44,1.08,1324.0,2.97,58.0
10/1/1962,25.6619,24.3052,81.3851,5.4,305972,39.9,1181.0,,299684.9733,46.8487,1175.8,0.37,1.03,1533.0,2.97,56.17
11/1/1962,25.7696,24.5099,81.8392,5.7,300802,40.1,1236.0,,302931.2343,47.1998,1184.3,0.29,0.98,1622.0,2.97,60.04
12/1/1962,25.7696,24.5354,81.6791,5.5,310357,39.6,1236.0,,294607.6416,47.4376,1193.9,0.36,0.93,1564.0,2.97,62.64
1/1/1963,25.9581,24.689,81.9446,5.7,304621,40.0,1248.0,,298556.2101,47.6623,1199.7,0.42,0.91,1244.0,2.97,65.06
2/1/1963,26.2544,24.8936,82.3778,5.9,294808,39.9,1212.0,,302376.7496,47.8294,1207.0,0.25,0.92,1456.0,2.97,65.92
3/1/1963,26.4159,25.0471,82.6243,5.7,287299,40.0,1258.0,,299697.17,47.9739,1215.0,0.36,0.95,1534.0,2.97,65.67
4/1/1963,26.6582,25.3797,83.4581,5.7,293103,40.2,1288.0,,306313.3271,48.3917,1224.7,0.42,1.07,1689.0,2.97,68.76
5/1/1963,26.9814,25.61,83.9513,5.9,290170,40.2,1350.0,,308216.2405,48.649,1232.7,0.25,0.93,1641.0,2.97,70.14
6/1/1963,27.0622,25.6868,83.9398,5.6,287361,40.3,1345.0,,304332.5361,49.2469,1236.2,0.39,1.0,1588.0,2.97,70.11
7/1/1963,26.9545,25.5844,83.3448,5.6,280616,40.2,1321.0,,312852.1672,49.4664,1241.8,0.47,1.0,1614.0,2.97,69.07
8/1/1963,27.0083,25.7123,83.5014,5.4,290279,40.2,1310.0,,310735.2354,49.4768,1247.5,0.23,0.51,1639.0,2.97,70.98
9/1/1963,27.2776,25.8914,83.8227,5.5,289193,40.2,1413.0,,307838.1396,49.8225,1256.5,0.4,0.6,1763.0,2.97,72.85
10/1/1963,27.4661,26.1217,84.3071,5.5,286326,40.3,1414.0,,316321.4105,50.4111,1262.8,0.38,0.61,1779.0,2.97,73.03
11/1/1963,27.6007,26.1984,84.2946,5.7,280784,40.2,1357.0,,310220.9633,51.2382,1271.9,0.4,0.64,1622.0,2.97,72.62
12/1/1963,27.5469,26.1984,84.0095,5.5,301093,40.0,1423.0,,312600.204,52.1741,1273.3,0.58,0.75,1491.0,2.97,74.17
1/1/1964,27.7892,26.4287,84.4621,5.6,278146,39.5,1296.0,,320161.8596,52.4186,1277.3,0.49,0.69,1603.0,2.97,76.45
2/1/1964,27.9777,26.5822,84.6673,5.4,262838,40.3,1442.0,,320855.9886,52.5482,1286.3,0.4,0.67,1820.0,2.97,77.39
3/1/1964,27.9777,26.5822,84.3575,5.4,277108,40.2,1313.0,,311733.8284,52.7139,1292.2,0.57,0.79,1517.0,2.97,78.8
4/1/1964,28.4355,27.0683,85.5869,5.3,263686,40.2,1264.0,,319416.6331,53.229,1297.9,0.44,0.76,1448.0,2.97,79.94
5/1/1964,28.597,27.1707,85.5983,5.1,267340,40.3,1299.0,,322572.6219,53.7445,1304.7,0.39,0.7,1467.0,2.97,80.72
6/1/1964,28.6778,27.2218,85.449,5.2,261464,40.4,1280.0,,322160.9824,54.2937,1312.8,0.5,0.67,1550.0,2.97,80.24
7/1/1964,28.8663,27.4521,85.861,4.9,254030,40.3,1304.0,,328664.585,54.7159,1322.1,0.54,0.77,1562.0,2.92,83.22
8/1/1964,29.0548,27.6312,86.1105,5.0,244054,40.4,1306.0,,322111.6541,55.1046,1331.4,0.38,0.69,1569.0,2.92,82.0
9/1/1964,29.1625,27.7591,86.1994,5.1,251902,40.3,1265.0,,330984.248,55.7749,1341.4,0.44,0.75,1455.0,2.92,83.41
10/1/1964,28.7586,27.3497,84.6252,5.1,256279,40.3,1230.0,,326426.5417,56.2908,1346.7,0.64,0.83,1524.0,2.92,84.85
11/1/1964,29.6472,28.1684,86.8484,4.8,268779,40.6,1254.0,,323261.0705,56.8628,1352.1,0.5,0.63,1486.0,2.92,85.44
12/1/1964,29.9973,28.6801,88.0025,5.0,251590,40.7,1164.0,,338442.5873,58.3481,1359.0,0.32,0.33,1484.0,2.92,83.96
1/1/1965,30.3204,29.0127,88.5986,4.9,236202,40.8,1264.0,,334956.7751,59.241,1366.7,0.35,0.29,1361.0,2.92,86.12
2/1/1965,30.5089,29.1918,88.7226,5.1,239913,40.7,1185.0,,336120.7516,60.0693,1376.0,0.29,0.23,1433.0,2.92,86.75
3/1/1965,30.9128,29.55,89.2769,4.7,236864,40.8,1211.0,,342067.3194,61.1489,1383.6,0.33,0.17,1423.0,2.92,86.83
4/1/1965,31.0474,29.7291,89.2868,4.8,235644,40.7,1162.0,,347361.7309,62.1331,1387.5,0.29,0.11,1438.0,2.92,87.97
5/1/1965,31.2898,29.9593,89.4494,4.6,229863,40.8,1207.0,,341580.8336,62.925,1388.5,0.28,0.11,1478.0,2.92,89.28
6/1/1965,31.5321,30.1384,89.4582,4.6,230657,40.6,1241.0,,345061.1002,64.1511,1392.3,0.33,0.17,1488.0,2.92,85.04
7/1/1965,31.8283,30.599,90.2974,4.4,220110,40.7,1237.0,,351339.2676,64.8904,1402.5,0.29,0.11,1529.0,2.92,84.91
8/1/1965,31.963,30.6245,89.8508,4.4,247092,40.6,1249.0,,346342.1805,65.4792,1413.0,0.26,0.13,1432.0,2.92,86.49
9/1/1965,32.0438,30.7013,89.5586,4.3,228216,40.7,1227.0,,348877.7902,66.3883,1421.6,0.36,0.28,1482.0,2.92,89.38
10/1/1965,32.3669,30.9572,89.7893,4.2,218745,40.7,1279.0,,354232.0366,67.05,1430.0,0.3,0.27,1452.0,2.92,91.39
11/1/1965,32.5015,31.0851,89.6483,4.1,220030,40.7,1306.0,,360404.8061,67.754,1435.3,0.28,0.35,1460.0,2.92,92.15
12/1/1965,32.9054,31.5712,90.5141,4.0,208651,40.9,1315.0,,363489.1958,69.1577,1441.8,0.33,0.3,1656.0,2.92,91.73
1/1/1966,33.2286,31.8782,90.8594,4.0,217763,41.0,1325.0,,361688.8092,69.9831,1449.2,0.4,0.19,1370.0,2.92,93.32
2/1/1966,33.444,32.0829,90.9108,3.8,210278,41.2,1159.0,,364374.5422,70.683,1448.3,0.28,0.23,1378.0,2.92,92.69
3/1/1966,33.9018,32.5178,91.5884,3.8,181579,41.2,1234.0,,371052.9729,71.521,1451.8,0.55,0.22,1394.0,2.92,88.88
4/1/1966,33.9556,32.6969,91.5416,3.8,176263,41.2,1145.0,,368818.4355,72.3728,1453.8,0.71,0.08,1352.0,2.92,91.6
5/1/1966,34.2787,32.9272,91.6379,3.9,189249,40.8,1078.0,,363859.0051,73.3273,1453.2,0.49,-0.12,1265.0,2.92,86.78
6/1/1966,34.4403,33.0806,91.5205,3.8,190957,40.9,956.0,,371447.601,75.3919,1455.2,0.34,-0.36,1194.0,2.92,86.06
7/1/1966,34.6288,33.2341,91.4046,3.8,213734,40.8,932.0,,364631.6493,76.7826,1451.2,0.33,-0.28,1086.0,2.92,85.84
8/1/1966,34.6557,33.3109,91.0801,3.8,196906,40.8,877.0,,372876.1244,76.9939,1447.5,0.32,-0.31,1119.0,2.92,80.65
9/1/1966,34.9789,33.5668,91.2464,3.7,191811,40.7,774.0,,373908.154,77.4883,1451.6,0.49,-0.22,1046.0,2.97,77.81
10/1/1966,35.2212,33.8993,91.618,3.7,195266,40.9,739.0,,369336.4678,78.0104,1448.1,0.47,-0.52,843.0,2.97,77.13
11/1/1966,34.9788,33.5412,90.1293,3.6,203871,40.7,736.0,,369162.2136,78.3726,1451.6,0.24,-0.6,961.0,2.97,80.99
12/1/1966,35.0596,33.6947,90.0246,3.8,216328,40.6,743.0,,369310.2844,78.976,1458.7,0.6,-0.56,990.0,2.97,81.33
1/1/1967,35.225,33.7952,89.8425,3.9,209000,40.8,995.0,,364393.989,79.274,1463.8,0.79,-0.36,1067.0,2.97,84.45
2/1/1967,34.8255,33.4153,88.3949,3.8,229000,40.0,907.0,,362995.316,79.558,1470.0,0.38,-0.37,1123.0,3.0,87.36
3/1/1967,34.6292,33.2464,87.5162,3.8,260750,40.2,955.0,,365624.437,80.1231,1483.9,0.71,0.01,1056.0,3.0,89.42
4/1/1967,34.9558,33.4627,87.6555,3.8,263000,40.0,1035.0,,365385.317,81.185,1486.7,0.78,0.54,1091.0,3.0,90.96
5/1/1967,34.6508,33.2253,86.6106,3.8,235750,40.0,1076.0,,365086.116,81.6022,1502.1,0.73,0.91,1304.0,3.0,92.59
6/1/1967,34.6465,33.1781,86.0691,3.9,232000,40.1,1169.0,,367798.148,82.6929,1507.5,0.67,1.04,1248.0,3.0,91.43
7/1/1967,34.5676,33.0436,85.3074,3.8,227800,40.2,1177.0,,365421.365,83.7351,1515.9,1.13,1.37,1364.0,3.0,93.01
8/1/1967,35.2299,33.6638,86.4918,3.8,212750,40.3,1229.0,,370329.939,83.5123,1524.8,1.1,1.38,1407.0,3.07,94.49
9/1/1967,35.1727,33.658,86.0644,3.8,216400,40.3,1279.0,,371637.29,83.7365,1531.8,1.01,1.31,1421.0,3.07,95.81
10/1/1967,35.4591,33.9387,86.3701,4.0,216750,40.3,1280.0,,369058.636,84.1043,1537.7,1.19,1.6,1491.0,3.07,95.66
11/1/1967,35.9663,34.5598,87.5349,3.9,206250,40.5,1297.0,,378999.549,84.5959,1537.5,1.15,1.62,1538.0,3.07,92.66
12/1/1967,36.3536,34.9094,88.0043,3.8,211200,40.2,1315.0,,387426.434,86.1397,1543.5,1.05,1.19,1308.0,3.07,95.3
1/1/1968,36.3145,34.8318,87.4099,3.7,215750,39.9,1179.0,,383540.43,86.5509,1546.6,0.99,0.93,1380.0,3.07,95.04
2/1/1968,36.4446,34.9852,87.4092,3.8,210750,40.4,1342.0,7440.004664,382331.611,86.5981,1550.9,0.79,0.85,1520.0,3.07,90.75
3/1/1968,36.5584,35.0407,87.1648,3.7,195200,40.3,1370.0,9120.532033,385177.022,87.114,1554.5,0.59,0.69,1466.0,3.07,89.09
4/1/1968,36.6113,35.075,86.8701,3.5,199000,40.1,1286.0,7758.162758,384412.798,88.421,1557.3,0.05,-0.12,1554.0,3.07,95.67
5/1/1968,37.022,35.5182,87.586,3.5,199000,40.5,1297.0,6024.026333,387106.806,88.9726,1562.0,0.06,-0.24,1408.0,3.07,97.87
6/1/1968,37.158,35.593,87.3914,3.7,193600,40.5,1300.0,6010.041362,389844.072,89.9295,1563.7,0.18,-0.35,1405.0,3.07,100.5
7/1/1968,37.101,35.4848,86.7508,3.7,196250,40.4,1344.0,7613.65139,393564.254,91.0358,1563.3,0.16,-0.52,1512.0,3.07,100.3
8/1/1968,37.2045,35.6595,86.8043,3.5,199400,40.3,1357.0,7457.485878,386854.468,91.2381,1569.7,-0.15,-0.61,1495.0,3.07,98.11
9/1/1968,37.3454,35.6788,86.4809,3.4,191000,40.5,1464.0,6514.665738,392268.919,91.8452,1577.2,0.04,-0.32,1556.0,3.07,101.3
10/1/1968,37.4196,35.9033,86.6552,3.4,186000,40.5,1421.0,8206.84725,397581.233,92.8125,1579.6,-0.11,-0.33,1569.0,3.07,103.8
11/1/1968,37.9036,36.4134,87.5147,3.4,183400,40.2,1436.0,6921.395316,401009.424,94.47,1588.7,0.1,-0.12,1630.0,3.07,105.4
12/1/1968,38.0233,36.4167,87.1537,3.4,199500,40.3,1389.0,7413.200136,397290.444,96.2065,1592.1,0.15,0.01,1548.0,3.07,106.5
1/1/1969,38.2533,36.6361,87.3262,3.4,191500,40.5,1459.0,7994.741854,397300.057,97.1481,1594.7,0.23,-0.26,1769.0,3.07,102.0
2/1/1969,38.4981,36.9321,87.6949,3.4,196000,40.1,1495.0,8927.073266,397918.885,98.2963,1597.5,0.01,-0.42,1705.0,3.07,101.5
3/1/1969,38.8,37.214,88.0269,3.4,189000,40.4,1438.0,7819.929714,399382.445,99.2383,1591.1,0.03,-0.49,1561.0,3.25,99.3
4/1/1969,38.6573,37.0584,87.3257,3.4,184000,40.7,1441.0,9551.735311,401109.158,100.7715,1586.0,-0.37,-1.24,1524.0,3.35,101.3
5/1/1969,38.5111,36.9092,86.6446,3.4,181200,40.4,1328.0,7928.313241,400832.788,101.9454,1583.8,-1.32,-2.35,1583.0,3.35,104.6
6/1/1969,38.8874,37.1335,86.842,3.5,192000,40.3,1349.0,7818.7643,400603.28,102.5404,1580.6,-0.67,-2.33,1528.0,3.35,99.14
7/1/1969,39.0927,37.4032,87.144,3.5,208750,40.2,1278.0,7960.94484,400716.232,103.0557,1574.7,0.04,-1.89,1368.0,3.35,94.71
8/1/1969,39.1825,37.455,86.9376,3.5,198400,40.4,1317.0,8276.772106,405063.654,103.3067,1572.1,-0.86,-2.5,1358.0,3.35,94.18
9/1/1969,39.1737,37.404,86.4951,3.7,194750,40.3,1263.0,9170.644847,407018.672,103.8176,1569.0,-0.67,-1.99,1507.0,3.35,94.51
10/1/1969,39.1852,37.4419,86.2607,3.7,199250,40.2,1216.0,7800.117672,411726.576,104.3372,1564.1,-0.44,-1.9,1381.0,3.35,95.52
11/1/1969,38.8158,37.052,85.0462,3.5,205000,40.2,1191.0,8046.020082,406026.142,105.1854,1561.1,-0.39,-1.71,1229.0,3.35,96.21
12/1/1969,38.7116,36.8537,84.2786,3.5,219750,40.3,1155.0,7291.997053,405277.54,106.5979,1559.4,-0.13,-1.32,1327.0,3.35,91.11
1/1/1970,37.9948,36.0488,82.1557,3.9,247000,40.0,1062.0,8224.328464,400169.499,106.2979,1555.7,-0.2,-1.19,1085.0,3.35,90.31
2/1/1970,37.9698,36.0769,81.9609,4.2,258500,40.0,1118.0,7720.869502,400525.176,105.6953,1538.8,-0.43,-1.74,1305.0,3.35,87.16
3/1/1970,37.9205,35.9738,81.47,4.4,268250,39.9,1132.0,6952.861502,395844.908,105.4128,1533.4,0.57,-0.69,1319.0,3.35,88.65
4/1/1970,37.823,35.8457,80.9255,4.6,325250,39.7,1224.0,6556.620652,393844.229,105.6766,1528.3,-0.04,-0.71,1264.0,3.35,85.95
5/1/1970,37.7789,35.762,80.4844,4.8,310400,39.6,1328.0,6878.274989,398121.957,106.0118,1532.4,0.28,-0.03,1290.0,3.35,76.06
6/1/1970,37.6567,35.6542,79.992,4.9,296500,39.6,1322.0,6515.831152,399716.493,106.8358,1534.0,0.6,0.24,1385.0,3.35,75.59
7/1/1970,37.7491,35.7649,79.9912,5.0,286500,39.7,1324.0,7065.906685,400143.064,107.677,1540.1,1.08,0.25,1517.0,3.31,75.72
8/1/1970,37.6818,35.5218,79.2016,5.1,285400,39.6,1394.0,6994.816415,399958.016,108.5407,1551.0,1.28,0.92,1399.0,3.31,77.92
9/1/1970,37.4221,35.2228,78.2926,5.4,318500,39.3,1426.0,6811.846376,399263.486,109.5289,1559.2,1.03,1.1,1534.0,3.31,82.58
10/1/1970,36.6735,34.4357,76.3074,5.5,333600,39.2,1564.0,6530.981538,395109.523,109.774,1564.5,0.65,1.13,1580.0,3.31,84.37
11/1/1970,36.4514,34.2252,75.6084,5.9,325250,39.3,1502.0,6963.35023,388477.842,110.1744,1568.4,0.7,1.24,1647.0,3.31,84.28
12/1/1970,37.2885,35.1269,77.363,6.1,306000,39.4,1767.0,7664.929617,400806.352,111.3578,1574.1,0.83,1.49,1893.0,3.56,90.05
1/1/1971,37.5753,35.4243,77.7996,5.9,298800,39.6,1643.0,7456.320464,404733.211,111.5479,1586.2,0.97,2.1,1828.0,3.56,93.49
2/1/1971,37.5037,35.4412,77.6389,5.9,284000,39.4,1588.0,7952.786941,406993.438,111.8951,1606.5,0.75,2.39,1741.0,3.56,97.11
3/1/1971,37.4631,35.3674,77.2808,6.0,293750,39.6,1759.0,7743.012373,408681.699,111.9877,1624.7,0.48,1.99,1910.0,3.56,99.6
4/1/1971,37.6735,35.5531,77.49,5.9,287500,39.6,1745.0,7596.170176,410904.676,112.1496,1641.9,0.41,1.68,1986.0,3.56,103.0
5/1/1971,37.8646,35.7926,77.8149,5.9,292200,39.6,1972.0,7380.568537,412911.363,113.0615,1654.3,0.43,1.76,2049.0,3.56,101.6
6/1/1971,38.0234,35.8826,77.8141,5.9,296500,39.6,1903.0,8537.824901,418581.757,114.1265,1661.7,0.47,1.61,2026.0,3.56,99.72
7/1/1971,37.9131,35.9435,77.7503,6.0,293200,39.6,2069.0,6902.748688,413760.901,114.3772,1673.9,0.44,1.42,2083.0,3.56,99.0
8/1/1971,37.693,35.5179,76.6371,6.1,325250,39.5,2004.0,7818.7643,416361.183,115.6802,1684.3,0.17,1.02,2158.0,3.56,97.24
9/1/1971,38.3056,36.2368,77.9928,6.0,320250,39.4,1996.0,8380.493976,420110.204,116.6745,1697.3,0.14,0.59,2041.0,3.56,99.4
10/1/1971,38.5924,36.7753,78.9544,5.8,297600,39.6,2026.0,7501.77162,420400.993,117.268,1707.6,0.22,0.73,2128.0,3.56,97.29
11/1/1971,38.7561,36.9112,79.0489,6.0,287000,39.8,2079.0,7875.869599,427508.511,117.8104,1718.5,-0.07,0.9,2182.0,3.56,92.78
12/1/1971,39.2035,37.2539,79.5848,6.0,273000,39.7,2133.0,8230.155535,431500.257,117.7961,1728.2,0.52,1.79,2295.0,3.56,99.17
1/1/1972,40.1408,38.2056,81.3995,5.8,271200,39.7,2238.0,7726.696573,436061.565,118.1645,1742.0,0.52,2.45,2494.0,3.56,103.3
2/1/1972,40.5459,38.5204,81.8563,5.7,263500,39.9,2169.0,8446.922589,431354.862,118.8982,1752.9,0.51,2.79,2390.0,3.56,105.2
3/1/1972,40.8263,38.7865,82.2062,5.8,262750,39.9,2105.0,8726.622012,439346.765,119.691,1771.7,0.27,2.24,2334.0,3.56,107.7
4/1/1972,41.2348,39.2136,82.8926,5.7,263000,39.9,2139.0,8457.411317,442331.562,121.2319,1779.3,0.38,2.02,2249.0,3.56,108.8
5/1/1972,41.2405,39.2841,82.8225,5.7,267750,39.8,2067.0,9382.750243,445055.61,122.692,1786.8,0.18,1.86,2221.0,3.56,107.7
6/1/1972,41.3497,39.4226,82.893,5.7,273250,40.0,2183.0,8133.426152,446997.41,123.7672,1797.8,0.14,1.65,2254.0,3.56,108.0
7/1/1972,41.3035,39.41,82.6441,5.6,297600,39.9,2195.0,9446.848028,444221.693,124.6817,1817.0,0.28,1.56,2252.0,3.56,107.2
8/1/1972,41.879,39.9407,83.5285,5.6,253500,40.0,2263.0,9038.953035,454870.354,126.0083,1834.6,-0.06,1.41,2382.0,3.56,111.0
9/1/1972,42.2132,40.2649,83.9714,5.5,256200,40.0,2393.0,9854.74302,462692.829,126.9574,1848.7,0.2,1.68,2481.0,3.56,109.4
10/1/1972,42.7494,40.8336,84.9134,5.6,251000,40.1,2354.0,9482.97587,469079.382,129.0908,1864.7,0.16,1.44,2485.0,3.56,109.6
11/1/1972,43.2548,41.3422,85.7175,5.3,250750,40.0,2234.0,9720.72038,478052.999,131.5901,1872.4,0.12,1.22,2421.0,3.56,115.1
12/1/1972,43.7367,41.8825,86.5759,5.2,242400,39.7,2419.0,9925.83329,484428.738,133.1093,1887.8,0.07,1.03,2366.0,3.56,117.5
1/1/1973,44.0529,42.2057,86.9787,4.9,228500,39.7,2271.0,10002.75063,490599.001,135.4135,1897.7,-0.17,0.52,2481.0,3.56,118.4
2/1/1973,44.6827,42.8736,88.0795,5.0,222000,40.1,2226.0,10669.36759,491365.627,140.7983,1893.3,-0.41,0.06,2289.0,3.56,114.2
3/1/1973,44.7045,42.9526,87.9606,4.9,227200,40.2,2062.0,10940.90911,489403.4,144.9576,1878.6,-0.33,-0.38,2365.0,3.56,112.4
4/1/1973,44.6387,42.8796,87.5274,5.0,239000,40.1,1908.0,11396.58609,487378.688,147.5343,1875.7,0.01,-0.45,2084.0,3.56,110.3
5/1/1973,44.9429,43.1623,87.814,4.9,240250,40.2,1931.0,11234.59351,485816.596,149.9659,1883.4,-0.58,-0.99,2266.0,3.56,107.2
6/1/1973,45.0035,43.1729,87.5399,4.9,238800,40.1,2051.0,11056.28513,484846.898,152.8292,1885.3,-0.49,-1.59,2067.0,3.56,104.8
7/1/1973,45.1636,43.3454,87.5919,4.8,242750,40.1,1819.0,11673.95469,491454.547,155.3291,1892.5,-1.14,-3.27,2123.0,3.56,105.8
8/1/1973,45.1019,43.2384,87.078,4.8,258250,40.0,1809.0,11841.77434,481298.546,158.0681,1864.0,-0.24,-3.1,2051.0,4.31,103.8
9/1/1973,45.4624,43.5706,87.4473,4.8,246800,40.0,1704.0,11756.6991,484620.995,158.5066,1856.9,-0.47,-3.69,1874.0,4.31,105.6
10/1/1973,45.847,44.0126,88.0325,4.6,241500,40.0,1411.0,12734.48167,497051.642,159.1694,1847.8,-0.87,-3.22,1677.0,4.31,109.8
11/1/1973,46.0553,44.3199,88.3454,4.8,253750,40.3,1402.0,12872.00055,505091.609,159.9353,1849.5,-0.92,-3.3,1724.0,4.31,102.0
12/1/1973,45.923,44.3374,88.0841,4.9,284000,40.1,1288.0,12573.6545,498331.356,161.2113,1847.7,-0.67,-3.21,1526.0,4.31,94.78
1/1/1974,45.6204,43.9922,87.1054,5.1,305250,39.8,1331.0,13043.31645,498780.758,163.0226,1837.0,-0.79,-2.66,1451.0,10.11,96.11
2/1/1974,45.4759,43.8148,86.4706,5.2,318500,40.0,1360.0,13327.67753,496333.08,164.772,1827.1,-0.97,-2.01,1752.0,10.11,93.45
3/1/1974,45.4777,43.7718,86.1093,5.1,311600,39.9,1440.0,13667.97849,498011.728,168.8168,1820.3,-0.71,-2.14,1555.0,10.11,97.44
4/1/1974,45.3451,43.5855,85.4785,5.1,293000,39.1,1254.0,13545.61,494381.666,174.9909,1814.8,-0.59,-3.0,1607.0,10.11,92.46
5/1/1974,45.7044,43.9151,85.8682,5.1,297500,39.8,1138.0,12952.41414,496557.781,177.6309,1799.6,-0.49,-3.73,1426.0,10.11,89.67
6/1/1974,45.6238,43.9306,85.6518,5.4,305600,39.7,1086.0,13027.00065,494825.06,180.1082,1791.4,-0.75,-4.39,1513.0,10.11,89.79
7/1/1974,45.7221,43.9327,85.4232,5.5,309500,39.7,1002.0,15568.76916,493693.144,183.9873,1787.8,-0.99,-5.11,1316.0,10.11,79.31
8/1/1974,45.2366,43.5362,84.4351,5.5,341400,39.7,917.0,14831.06193,488904.732,186.3819,1771.7,-0.22,-3.97,1142.0,10.11,76.03
9/1/1974,45.2365,43.5345,84.2268,5.9,360750,39.5,840.0,14339.25711,484762.785,187.9941,1754.7,0.02,-3.3,1150.0,10.11,68.12
10/1/1974,45.1133,43.2574,83.4984,6.0,396750,39.6,824.0,12892.97801,476462.069,189.2302,1751.6,-0.51,-2.16,1070.0,11.16,69.44
11/1/1974,43.6278,41.9659,80.8351,6.6,457600,39.1,783.0,12527.03793,471363.641,190.4047,1744.9,-0.5,-1.77,1026.0,11.16,71.74
12/1/1974,42.0533,40.0541,77.0007,7.2,524000,39.1,869.0,12365.04535,457546.337,191.2761,1738.2,0.65,-1.1,975.0,11.16,67.07
1/1/1975,41.4676,39.2296,75.2764,8.1,535000,38.9,726.0,12803.24111,456397.599,191.5869,1732.9,0.26,0.37,1032.0,11.16,72.56
2/1/1975,40.5165,38.1436,73.064,8.1,544500,38.6,729.0,11601.699,453447.648,190.3805,1737.8,0.12,1.15,904.0,11.16,80.1
3/1/1975,40.0638,37.6194,71.9398,8.6,546600,38.3,709.0,10675.19466,439827.408,188.1191,1751.9,0.52,2.19,993.0,11.16,83.78
4/1/1975,40.1573,37.6376,71.8607,8.8,525250,38.7,866.0,11907.03754,444233.709,187.4109,1764.3,0.62,2.74,1005.0,11.16,84.72
5/1/1975,40.0253,37.5697,71.62,9.0,498800,38.9,914.0,10961.88657,444131.573,186.074,1785.1,0.48,2.84,1121.0,11.16,90.1
6/1/1975,40.2772,37.8833,72.1061,8.8,495500,38.8,946.0,10791.73609,448124.52,184.638,1800.0,0.12,2.31,1087.0,11.16,92.4
7/1/1975,40.6994,38.4224,73.0185,8.6,442000,39.1,1020.0,12043.39101,450349.9,183.651,1805.7,0.22,1.96,1226.0,11.16,92.49
8/1/1975,41.0998,38.8093,73.6354,8.4,452000,39.4,994.0,11865.08263,455633.376,182.9282,1813.8,0.45,2.26,1260.0,11.16,85.71
9/1/1975,41.6304,39.4543,74.734,8.4,445250,39.5,1064.0,11391.92444,456724.437,182.822,1815.9,0.55,2.19,1264.0,11.16,84.67
10/1/1975,41.8135,39.6633,74.9983,8.4,421250,39.5,1096.0,11597.03735,457281.983,182.7142,1817.5,0.53,2.32,1344.0,11.16,88.57
11/1/1975,41.8697,39.7208,74.9692,8.3,400600,39.5,1110.0,11594.70652,456611.485,182.6189,1820.8,0.56,2.83,1360.0,11.16,90.07
12/1/1975,42.4414,40.2965,75.91,8.2,374250,39.8,1091.0,11088.91673,461447.962,183.3586,1827.7,0.68,2.8,1321.0,11.16,88.7
1/1/1976,43.0012,40.7632,76.6358,7.9,371200,40.0,1195.0,11838.2781,472872.862,182.6481,1839.8,0.29,2.87,1367.0,11.16,96.86
2/1/1976,43.4229,41.3552,77.5836,7.7,348250,40.0,1190.0,12365.04535,474949.243,182.0444,1861.0,0.36,3.02,1538.0,12.03,100.6
3/1/1976,43.5168,41.485,77.6553,7.6,360500,39.7,1164.0,12161.09785,478539.651,179.4877,1875.0,0.41,2.89,1421.0,12.1,101.1
4/1/1976,43.7327,41.7219,77.9206,7.7,370250,39.4,1132.0,13133.05335,480828.717,177.4755,1890.9,0.27,2.74,1395.0,12.17,101.9
5/1/1976,43.9186,41.9361,78.1365,7.4,391600,39.9,1194.0,12698.35383,480297.605,178.4326,1900.9,0.15,2.61,1459.0,12.17,101.2
6/1/1976,43.9637,41.979,78.0268,7.6,393750,39.8,1188.0,12751.96288,486201.111,179.102,1900.5,0.35,2.38,1495.0,12.17,101.8
7/1/1976,44.2141,42.2925,78.4157,7.8,390800,39.8,1245.0,14875.34767,486539.965,179.1423,1905.8,0.23,2.52,1401.0,12.17,104.2
8/1/1976,44.5182,42.5651,78.7235,7.8,388500,39.7,1309.0,13546.77541,488221.016,179.7949,1917.5,0.07,2.48,1550.0,12.17,103.3
9/1/1976,44.6721,42.6941,78.7621,7.6,407500,39.9,1481.0,14197.07657,489634.109,181.1732,1928.5,0.08,2.34,1720.0,13.9,105.5
10/1/1976,44.6585,42.6459,78.4713,7.7,409000,39.7,1425.0,14868.35519,483856.772,182.4383,1943.0,0.08,2.39,1629.0,13.9,101.9
11/1/1976,45.3392,43.2072,79.2971,7.8,389500,39.8,1531.0,13378.95576,491901.545,183.9005,1959.0,0.03,2.34,1641.0,13.9,101.2
12/1/1976,45.8294,43.6762,79.9478,7.8,373750,39.6,1511.0,14765.79873,504644.61,185.2478,1972.6,0.01,2.22,1804.0,13.9,104.7
1/1/1977,45.5087,43.492,79.4033,7.5,401800,38.9,1466.0,14567.67831,501353.403,185.7874,1985.0,0.11,2.6,1527.0,13.9,103.8
2/1/1977,46.2277,44.3004,80.66,7.6,450750,40.0,1560.0,14349.74584,508170.132,187.4113,1985.8,0.08,2.71,1943.0,13.9,101.0
3/1/1977,46.8185,44.953,81.6244,7.4,360250,39.9,1660.0,14597.97908,514317.564,189.1547,1994.1,0.06,2.77,2063.0,13.9,100.6
4/1/1977,47.2684,45.4387,82.2802,7.2,367400,40.0,1660.0,15125.91174,513695.131,190.2948,1999.3,0.02,2.64,1892.0,13.9,99.05
5/1/1977,47.6411,45.8069,82.7173,7.0,380250,40.1,1668.0,15310.04719,514019.565,191.7797,2008.3,-0.09,2.11,1971.0,13.9,98.76
6/1/1977,48.0116,46.2209,83.2306,7.2,361250,40.0,1752.0,16826.25115,518656.575,193.5548,2012.9,0.03,1.89,1893.0,13.9,99.29
7/1/1977,48.073,46.2176,82.9907,6.9,361400,39.9,1687.0,15694.6339,520068.466,195.1835,2017.6,-0.03,1.91,2058.0,13.9,100.2
8/1/1977,48.1205,46.4685,83.2056,7.0,367250,39.9,1780.0,16015.12282,520927.616,197.4881,2024.5,-0.14,1.5,2020.0,14.85,97.75
9/1/1977,48.3189,46.5,83.0259,6.8,368750,39.8,1674.0,17326.21387,522840.578,198.9991,2033.0,-0.04,1.2,1949.0,14.85,96.23
10/1/1977,48.3871,46.585,82.9403,6.8,359000,40.0,1758.0,17380.98834,526756.622,201.2545,2035.7,0.04,1.05,2042.0,14.85,93.74
11/1/1977,48.4761,46.7033,82.9124,6.8,353500,40.0,1771.0,16699.221,529163.446,202.9397,2036.1,0.03,1.07,2042.0,14.85,94.28
12/1/1977,48.5629,47.2177,83.5851,6.4,359600,39.8,1754.0,17828.50742,536176.037,204.6774,2039.0,0.05,1.13,2142.0,14.85,93.82
1/1/1978,47.8481,46.4928,82.0671,6.4,351000,38.7,1740.0,17339.03343,519760.854,207.2931,2041.0,0.05,1.26,1718.0,14.85,90.25
2/1/1978,48.1044,46.6801,82.1608,6.3,383250,39.4,1736.0,18690.91397,531680.817,210.259,2040.5,-0.02,1.25,1738.0,14.85,88.98
3/1/1978,49.0265,47.5037,83.3689,6.3,349000,40.0,1799.0,18401.89124,537019.566,213.6058,2038.2,-0.04,1.25,2032.0,14.85,88.82
4/1/1978,50.0206,48.2492,84.4329,6.1,326000,40.1,1948.0,19507.86937,553289.355,216.9979,2035.1,-0.07,1.26,2197.0,14.85,92.71
5/1/1978,50.254,48.4688,84.5704,6.0,327000,39.9,1766.0,20173.32092,552763.05,220.4005,2031.8,-0.3,0.99,2075.0,14.85,97.41
6/1/1978,50.5801,48.8184,84.9295,5.9,324250,40.2,1983.0,19932.08017,555827.153,223.4759,2028.5,-0.01,0.86,2070.0,14.85,97.66
7/1/1978,50.5384,48.7685,84.5923,6.2,350200,40.2,1786.0,20133.69683,551247.821,226.2258,2021.5,0.04,0.83,2092.0,14.85,97.19
8/1/1978,50.7458,49.0136,84.7647,5.9,348750,40.1,1691.0,21388.848,558437.048,228.3623,2023.5,-0.21,0.37,1996.0,14.85,103.9
9/1/1978,50.8744,49.2343,84.8911,6.0,322600,40.0,1751.0,22441.21708,557162.141,230.5011,2022.6,-0.06,-0.03,1970.0,14.85,103.9
10/1/1978,51.2559,49.5682,85.2079,5.8,328250,40.1,1781.0,24695.12826,562133.198,232.9249,2015.4,0.02,-0.32,1981.0,14.85,100.6
11/1/1978,51.6514,50.0295,85.7394,5.9,330500,40.2,1795.0,22762.87141,564568.86,235.8062,2013.5,0.38,-0.95,2094.0,14.85,94.71
12/1/1978,51.909,50.3887,86.0919,6.0,355600,40.2,1818.0,20440.20078,567590.907,237.2394,2011.8,0.34,-1.02,2044.0,14.85,96.11
1/1/1979,51.6278,50.0354,85.2284,5.9,357500,39.8,1461.0,22881.74367,561382.192,239.757,2002.3,0.18,-0.97,1630.0,14.85,99.71
2/1/1979,51.8752,50.1904,85.2335,5.9,358500,40.0,1492.0,25657.76045,558729.039,243.8766,1991.0,-0.11,-0.96,1520.0,15.85,98.23
3/1/1979,52.0446,50.4441,85.406,5.8,358000,40.3,1720.0,27869.71672,574897.892,247.8933,1985.4,-0.19,-0.97,1847.0,15.85,100.1
4/1/1979,51.4193,49.5853,83.7026,5.8,415500,38.9,1597.0,23413.17257,559387.521,253.7609,1986.0,-0.16,-0.83,1748.0,15.85,102.1
5/1/1979,51.8856,50.2936,84.6494,5.6,348000,39.9,1684.0,23924.78943,571771.305,258.7349,1975.1,-0.29,-0.99,1876.0,18.1,99.73
6/1/1979,51.8965,50.3596,84.5164,5.7,360000,39.9,1640.0,24425.91757,565933.888,263.4815,1970.9,-0.53,-1.38,1913.0,19.1,101.7
7/1/1979,51.8097,50.4053,84.3581,5.7,379250,39.8,1534.0,23953.92479,565217.729,267.8631,1965.5,-0.6,-1.52,1760.0,21.75,102.7
8/1/1979,51.4684,49.7768,83.0842,6.0,393750,39.9,1591.0,24174.18809,566199.443,270.6452,1962.8,-0.52,-1.91,1778.0,26.5,107.4
9/1/1979,51.4597,49.8218,82.9464,5.9,385800,39.8,1638.0,24654.33876,563003.163,274.3761,1954.4,0.2,-2.1,1832.0,28.5,108.6
10/1/1979,51.8334,50.1008,83.2059,6.0,402250,39.9,1481.0,25549.37692,561320.91,276.1506,1942.0,-0.54,-3.47,1681.0,29.0,104.5
11/1/1979,51.7531,49.9485,82.7573,5.9,413250,39.8,1276.0,24464.37624,561533.595,277.2382,1928.8,0.39,-2.53,1524.0,31.0,103.7
12/1/1979,51.7878,50.0837,82.7932,6.0,428200,39.8,1254.0,24881.59455,559893.399,279.7257,1916.4,-0.54,-3.39,1498.0,32.5,107.8
1/1/1980,52.0679,50.3432,83.04,6.3,414250,39.6,1280.0,27516.5962,564633.747,281.8501,1900.9,-0.78,-3.02,1341.0,32.5,110.9
2/1/1980,52.082,50.2858,82.768,6.3,418000,39.7,1199.0,24908.39907,559322.634,285.6731,1891.9,-0.35,-1.72,1350.0,37.0,115.3
3/1/1980,51.87,49.8622,81.8982,6.3,433800,39.5,988.0,25043.58713,546586.779,289.3844,1872.4,-0.38,-4.44,1047.0,38.0,104.7
4/1/1980,50.8397,48.8474,80.0641,6.9,529750,39.5,808.0,25016.7826,534885.508,290.6018,1856.9,-1.83,-6.14,1051.0,39.5,103.0
5/1/1980,49.589,47.4067,77.5384,7.5,615800,39.1,861.0,21672.04366,528037.538,287.8784,1851.0,-1.49,-0.8,927.0,39.5,107.7
6/1/1980,48.9482,46.6567,76.1459,7.6,607000,39.2,1118.0,22999.45051,526517.502,287.0378,1853.6,-1.2,0.31,1196.0,39.5,114.6
7/1/1980,48.6039,46.202,75.2353,7.8,559250,39.0,1259.0,25436.33174,533161.199,288.0583,1871.1,-0.62,1.22,1269.0,39.5,119.8
8/1/1980,48.7563,46.5167,75.5718,7.7,528200,39.2,1367.0,23082.19492,537003.945,291.4491,1876.8,-0.04,1.49,1436.0,38.0,123.5
9/1/1980,49.5608,47.2858,76.636,7.5,482750,39.4,1484.0,24647.34628,548314.693,294.7925,1876.0,0.1,0.64,1471.0,36.0,126.5
10/1/1980,50.1908,48.1325,77.8126,7.5,438000,39.6,1366.0,25759.15149,559766.028,299.9573,1871.1,-0.29,-1.06,1523.0,36.0,130.2
11/1/1980,51.0311,48.988,78.9895,7.5,412600,39.7,1383.0,23451.63124,560138.527,307.3743,1864.3,-0.67,-3.17,1510.0,36.0,135.7
12/1/1980,51.3708,49.1946,79.1106,7.2,410000,39.8,1249.0,25899.0012,561521.579,312.0383,1851.6,-0.83,-6.06,1482.0,37.0,133.5
1/1/1981,51.0415,48.9757,78.5433,7.5,413000,40.0,1221.0,27793.96479,564940.157,312.4522,1842.8,-2.5,-6.51,1547.0,38.0,133.0
2/1/1981,50.824,48.7185,77.9137,7.4,428750,39.4,1199.0,23783.77431,562611.438,313.117,1839.4,-0.44,-2.74,1246.0,38.0,128.4
3/1/1981,51.0826,48.8706,77.9371,7.4,407500,39.8,1183.0,26684.49041,556799.255,314.3933,1847.2,-0.76,-1.58,1306.0,38.0,133.2
4/1/1981,50.858,49.1304,78.1305,7.2,410250,39.8,1190.0,27578.36315,557110.472,318.5024,1862.2,-1.16,-2.04,1360.0,38.0,134.4
5/1/1981,51.1495,49.3698,78.2901,7.5,416400,39.8,1173.0,25281.33164,553170.395,324.08,1855.3,-0.96,-4.42,1140.0,38.0,131.7
6/1/1981,51.4101,49.1357,77.7009,7.5,433000,39.6,976.0,25697.38453,551710.44,328.1726,1845.6,-2.78,-5.63,1045.0,36.0,132.3
7/1/1981,51.7471,49.2355,77.6454,7.2,430750,39.7,935.0,26188.02394,552979.339,331.8571,1838.1,-2.04,-4.76,1041.0,36.0,129.1
8/1/1981,51.6826,49.2235,77.4189,7.4,450200,39.7,889.0,25947.9486,550764.774,336.523,1837.6,-0.59,-2.88,940.0,36.0,129.6
9/1/1981,51.4337,49.049,76.9439,7.6,473250,39.4,847.0,24716.10572,546976.1,338.1155,1832.4,0.22,-0.55,911.0,36.0,118.3
10/1/1981,51.0281,48.5407,75.9541,7.9,492800,39.5,731.0,24839.63963,539542.946,341.1989,1843.5,-0.23,0.07,873.0,35.0,119.8
11/1/1981,50.435,47.9287,74.8132,8.3,511750,39.5,748.0,24361.81978,535372.16,345.5088,1850.9,-1.15,0.08,837.0,36.0,122.9
12/1/1981,49.8987,47.1456,73.4182,8.5,551000,39.2,796.0,21579.97593,528441.278,350.3077,1865.6,-0.25,1.35,910.0,35.0,123.8
1/1/1982,48.8685,45.9659,71.4208,8.6,535200,37.2,794.0,24973.66227,525660.755,354.8455,1875.4,-0.13,1.37,843.0,33.85,117.3
2/1/1982,49.8636,47.2796,73.3026,8.9,533750,39.5,808.0,24374.63934,534051.592,360.7137,1873.8,-0.25,-0.35,866.0,31.56,114.5
3/1/1982,49.5323,46.9426,72.6304,9.0,556500,39.2,891.0,24756.89522,534478.163,363.9746,1886.5,-0.88,-0.82,931.0,28.48,110.8
4/1/1982,49.075,46.5713,71.9168,9.3,587000,39.0,888.0,24254.60167,535081.371,371.0565,1898.8,-0.88,-1.07,917.0,33.45,116.3
5/1/1982,48.7483,46.4841,71.6519,9.4,583800,39.1,953.0,20839.93788,537835.459,375.9823,1893.0,-1.03,-0.83,1025.0,35.93,116.4
6/1/1982,48.6214,46.4484,71.4748,9.6,599500,39.0,913.0,20962.30637,530210.047,380.5642,1882.5,-0.19,0.15,902.0,35.07,109.7
7/1/1982,48.4616,46.3966,71.2834,9.8,576000,39.1,1044.0,22070.61534,528166.11,384.0437,1878.5,0.35,1.36,1166.0,34.16,109.4
8/1/1982,48.0192,45.9746,70.5349,9.8,629500,38.9,926.0,20084.74943,523323.625,385.8593,1888.6,0.03,2.94,1046.0,33.95,109.7
9/1/1982,47.9008,45.9037,70.3372,10.1,660750,39.0,1042.0,21212.87044,524334.178,391.0385,1902.1,0.05,2.03,1144.0,35.63,122.4
10/1/1982,47.4371,45.3254,69.3736,10.4,652400,38.7,1149.0,22831.63085,518937.752,392.3917,1905.9,-0.51,1.2,1173.0,35.68,132.7
11/1/1982,47.283,45.0778,68.9279,10.8,594250,38.9,1229.0,20715.23855,520350.844,391.9751,1922.1,-0.51,1.35,1372.0,34.15,138.1
12/1/1982,46.9485,44.9477,68.6719,10.8,523750,38.9,1351.0,21120.80271,518920.929,392.0419,1950.8,-0.44,1.59,1303.0,31.72,139.4
1/1/1983,47.8234,45.9846,70.2066,10.4,501000,39.4,1426.0,22328.17189,528823.39,393.1864,2001.4,-0.51,1.78,1586.0,31.19,144.3
2/1/1983,47.5233,45.9504,70.1121,10.4,488750,39.0,1471.0,18836.59076,526595.607,393.3556,2037.6,-0.17,2.21,1699.0,28.95,146.8
3/1/1983,47.9244,46.3843,70.7376,10.3,480250,39.3,1475.0,20698.92275,535427.434,393.8048,2054.2,-0.25,1.74,1606.0,28.82,151.9
4/1/1983,48.5311,46.9493,71.5673,10.2,496000,39.4,1566.0,22254.75079,535378.168,392.4259,2053.2,-0.27,1.6,1472.0,30.61,157.7
5/1/1983,48.8239,47.4915,72.3638,10.1,468000,39.7,1669.0,21879.4874,543698.11,391.4906,2059.6,-0.3,1.75,1776.0,30.0,164.1
6/1/1983,49.123,47.8705,72.9112,10.1,444250,39.8,1769.0,23556.51853,557666.817,393.8395,2065.9,0.02,1.87,1733.0,31.0,166.4
7/1/1983,49.8546,48.5492,73.9127,9.4,408000,39.9,1795.0,21835.20166,557370.019,397.7945,2068.9,-0.12,2.01,1785.0,31.66,167.0
8/1/1983,50.4443,48.9692,74.5144,9.5,435750,40.0,1713.0,22981.9693,556459.2,401.5866,2071.9,-0.02,2.29,1910.0,31.91,162.4
9/1/1983,51.178,49.869,75.8371,9.2,408750,40.1,1585.0,25097.19618,564975.004,402.529,2074.9,-0.21,2.2,1710.0,31.11,167.2
10/1/1983,51.5693,50.3814,76.5587,8.8,402200,40.1,1716.0,26672.83627,571165.694,405.7486,2082.5,-0.49,2.06,1715.0,30.41,167.7
11/1/1983,51.7993,50.6373,76.8777,8.5,392500,40.1,1668.0,23903.81198,577027.144,409.6174,2089.3,-0.24,2.35,1785.0,29.84,165.2
12/1/1983,52.0594,50.7749,77.0038,8.3,368800,40.0,1627.0,23902.64656,587714.256,413.9404,2094.2,0.06,2.36,1688.0,29.24,164.4
1/1/1984,53.0985,51.6833,78.283,8.0,351000,40.2,1816.0,27415.20516,591512.542,415.6054,2094.2,-0.36,2.11,1897.0,29.69,166.4
2/1/1984,53.3318,52.2442,79.0178,7.8,339250,40.7,1987.0,27266.03213,591194.116,423.5808,2103.5,-0.27,2.25,2260.0,30.145,157.3
3/1/1984,53.5929,52.4865,79.2532,7.8,345800,40.2,1725.0,27619.15265,591699.993,430.9463,2113.9,-0.08,2.41,1663.0,30.761,157.4
4/1/1984,53.91,52.7324,79.4777,7.7,369250,40.4,1776.0,26677.49793,594977.983,437.8374,2121.7,-0.11,2.34,1851.0,30.618,157.6
5/1/1984,54.2026,52.906,79.5758,7.4,360250,40.3,1741.0,29591.03359,599678.678,446.3183,2129.6,0.33,3.09,1774.0,30.52,156.6
6/1/1984,54.4014,53.1585,79.7745,7.2,361400,40.3,1814.0,27847.57385,605012.621,450.9723,2136.1,-0.08,2.5,1843.0,29.967,153.1
7/1/1984,54.5521,53.373,79.9006,7.5,360500,40.3,1605.0,28677.34881,601781.494,455.8009,2135.9,-0.04,2.13,1732.0,28.752,151.1
8/1/1984,54.6083,53.4753,79.8447,7.5,389500,40.2,1530.0,27168.13733,601630.092,458.7925,2136.4,-0.46,1.08,1586.0,29.25,164.4
9/1/1984,54.4466,53.2742,79.3255,7.3,395400,40.2,1523.0,26747.42278,600888.699,461.9148,2143.6,-0.26,1.22,1698.0,29.311,166.1
10/1/1984,54.4406,53.59,79.5661,7.4,419250,40.0,1490.0,27595.84437,603409.675,466.3545,2149.3,0.13,2.17,1590.0,28.765,164.8
11/1/1984,54.624,53.7296,79.5357,7.2,407000,40.2,1643.0,27377.9119,608766.448,470.9618,2166.6,-0.4,2.14,1689.0,28.098,166.3
12/1/1984,54.6416,53.8546,79.479,7.3,385600,40.2,1626.0,26141.40737,609494.624,473.3524,2186.2,0.06,3.12,1612.0,25.429,164.5
1/1/1985,54.6322,53.7654,79.103,7.3,370750,40.0,1660.0,27097.04706,607972.185,472.9868,2206.6,-0.32,3.03,1711.0,25.641,171.6
2/1/1985,54.7825,53.5498,78.542,7.2,391750,39.9,1662.0,30623.59063,610042.557,476.2564,2214.6,0.04,3.01,1632.0,27.271,180.9
3/1/1985,54.8653,53.9693,78.9148,7.2,380800,40.2,1727.0,29019.9806,615382.508,480.0977,2215.5,0.32,3.28,1800.0,28.238,179.4
4/1/1985,54.7459,53.7638,78.3803,7.3,398250,40.2,1664.0,26537.64822,614751.664,478.6879,2220.0,0.1,3.16,1821.0,28.805,180.6
5/1/1985,54.8255,53.8739,78.3157,7.2,392750,40.1,1709.0,26951.37028,621873.601,480.7952,2229.0,-0.14,2.88,1680.0,27.623,184.9
6/1/1985,54.7989,53.8955,78.1342,7.4,392400,40.1,1716.0,28796.22106,611587.827,482.3543,2244.3,-0.18,2.63,1676.0,27.143,188.9
7/1/1985,54.5396,53.7003,77.6564,7.4,378250,40.1,1697.0,27604.00227,612761.799,486.9483,2255.8,-0.32,2.43,1684.0,27.329,192.5
8/1/1985,54.7055,53.9463,77.8356,7.1,404400,40.2,1808.0,28550.31865,623898.313,489.7272,2265.1,-0.18,2.43,1743.0,27.755,188.3
9/1/1985,54.8906,53.9503,77.6841,7.1,408500,40.2,1916.0,30109.64294,625572.154,494.239,2272.3,-0.09,2.45,1676.0,28.289,184.1
10/1/1985,54.7199,53.8599,77.4161,7.1,405750,40.2,1743.0,29826.44727,619804.43,493.1745,2274.7,-0.19,2.25,1834.0,29.538,186.2
11/1/1985,54.9124,54.2208,77.8151,7.0,393400,40.1,1692.0,26595.91893,624340.505,497.1682,2273.2,-0.28,1.73,1698.0,30.813,197.5
12/1/1985,55.4412,54.3848,77.948,7.0,385250,40.3,1794.0,31344.98206,621004.838,498.9813,2275.9,-0.52,0.99,1942.0,27.228,207.3
1/1/1986,55.7481,55.0293,78.7842,6.7,366750,40.4,1847.0,28218.17559,630338.938,500.4754,2276.7,-0.43,1.05,1972.0,22.945,208.2
2/1/1986,55.3568,54.7203,78.267,7.2,369500,40.0,1767.0,29404.56731,626753.336,501.4284,2290.7,-0.23,0.84,1848.0,15.442,219.4
3/1/1986,54.9625,54.5232,77.9205,7.2,381200,40.0,1780.0,28219.341,627364.955,505.219,2321.8,-0.28,0.3,1876.0,12.618,232.3
4/1/1986,55.0413,54.7995,78.2571,7.1,385750,40.0,1858.0,26890.76874,639997.472,507.336,2353.1,-0.39,0.31,1933.0,12.847,238.0
5/1/1986,55.1226,54.8563,78.2798,7.2,386000,40.1,1797.0,27053.92673,633859.653,507.9494,2371.4,-0.23,0.86,1854.0,15.444,238.5
6/1/1986,54.9005,54.6186,77.8771,7.2,370500,40.0,1790.0,27400.05477,637925.898,511.2815,2381.2,-0.21,0.88,1847.0,13.469,245.3
7/1/1986,55.2592,54.9405,78.2626,7.0,362000,40.0,1780.0,26897.76122,641695.346,512.8867,2398.7,-0.23,0.74,1782.0,11.575,240.2
8/1/1986,55.1567,55.0626,78.3482,6.9,407400,40.1,1726.0,26598.24976,642607.368,514.9309,2414.7,-0.25,1.0,1807.0,15.092,245.0
9/1/1986,55.2975,55.2082,78.4495,7.0,395500,40.2,1686.0,27714.71662,657852.183,517.5387,2425.3,-0.21,1.56,1687.0,14.913,238.3
10/1/1986,55.5332,55.4173,78.6211,7.0,383250,40.0,1675.0,28792.72482,648561.341,517.528,2438.7,-0.17,1.58,1681.0,14.852,237.4
11/1/1986,55.7557,55.6222,78.7665,6.9,363200,40.0,1644.0,28066.67173,646573.879,523.9441,2446.8,-0.28,1.21,1623.0,15.207,245.1
12/1/1986,56.2845,56.1668,79.3729,6.6,358250,40.1,1903.0,29614.34187,660110.007,539.3086,2462.1,-0.81,0.2,1833.0,16.076,248.6
1/1/1987,56.0882,55.9671,78.9108,6.6,345600,40.4,1690.0,28599.26605,639270.499,548.8817,2463.1,-0.59,0.65,1774.0,18.656,264.5
2/1/1987,56.8275,56.801,79.8877,6.6,348750,40.7,1689.0,28116.78454,662329.379,547.3783,2457.5,-0.05,1.15,1784.0,17.726,280.9
3/1/1987,56.9098,56.8446,79.7376,6.6,333250,40.4,1704.0,27250.88175,662965.03,548.1938,2454.3,0.03,1.12,1726.0,18.305,292.5
4/1/1987,57.2701,57.1753,79.9812,6.3,336250,40.2,1601.0,28987.349,661061.681,549.3757,2455.8,0.08,1.65,1614.0,18.643,289.3
5/1/1987,57.6322,57.578,80.3199,6.3,331000,40.5,1500.0,31244.75643,659958.604,551.5846,2453.9,0.08,1.76,1628.0,19.415,289.1
6/1/1987,57.9307,57.8074,80.4169,6.2,322250,40.3,1522.0,31165.50826,663252.215,554.5518,2444.6,0.19,1.67,1594.0,20.034,301.4
7/1/1987,58.3258,58.257,80.8279,6.1,319250,40.4,1516.0,32903.14093,669004.318,553.2904,2442.0,0.07,1.87,1575.0,21.355,310.1
8/1/1987,58.7636,58.5697,81.0626,6.0,325600,40.4,1511.0,29632.9885,666054.367,553.955,2439.4,-0.02,2.03,1605.0,20.274,329.4
9/1/1987,58.9951,58.9882,81.4604,5.9,309750,40.1,1514.0,29684.26673,673394.998,561.1577,2440.7,0.15,2.2,1695.0,19.526,318.7
10/1/1987,59.781,59.8266,82.4562,6.0,300000,40.5,1447.0,31165.50826,672618.758,563.0739,2447.7,0.6,2.23,1515.0,19.848,280.2
11/1/1987,60.0726,60.1464,82.7578,5.8,306750,40.4,1457.0,31487.1626,670755.062,562.6052,2442.7,0.48,2.17,1656.0,18.92,245.0
12/1/1987,60.4095,60.5473,83.1933,5.7,318750,40.5,1345.0,34190.92369,676438.674,565.2319,2445.0,0.84,2.22,1400.0,17.241,241.0
1/1/1988,60.3976,60.4059,82.9076,5.7,335600,40.3,1244.0,36349.27091,674894.606,567.18,2454.7,0.04,1.84,1271.0,17.16,250.5
2/1/1988,60.7003,60.6,83.1047,5.7,318750,40.4,1438.0,35561.45087,682522.421,568.4762,2470.2,0.0,1.63,1473.0,16.765,258.1
3/1/1988,60.8501,60.7687,83.286,5.7,305500,40.4,1525.0,33386.78785,693454.661,571.2544,2481.3,0.04,1.79,1532.0,16.217,265.7
4/1/1988,61.2031,61.3069,83.9899,5.4,312200,40.4,1429.0,34613.96907,689735.681,577.398,2483.5,-0.01,1.85,1573.0,17.875,262.6
5/1/1988,61.0797,61.1406,83.738,5.6,313750,40.5,1444.0,32422.99025,691900.981,583.868,2490.2,0.1,2.0,1421.0,17.438,256.1
6/1/1988,61.2569,61.2643,83.8874,5.4,308250,40.5,1485.0,35598.74412,698684.064,588.9893,2490.2,-0.02,1.41,1478.0,16.53,270.7
7/1/1988,61.2659,61.219,83.8048,5.4,321600,40.5,1439.0,37281.60232,695850.67,593.791,2487.1,0.07,1.31,1467.0,15.498,269.1
8/1/1988,61.5731,61.3085,83.9,5.6,314750,40.3,1460.0,40147.356,696253.209,594.3887,2480.7,0.25,1.25,1493.0,15.524,263.7
9/1/1988,61.3807,61.5082,84.1347,5.4,304500,40.3,1436.0,36990.24875,699007.297,595.3106,2474.4,-0.02,0.79,1492.0,14.467,268.0
10/1/1988,61.6453,61.7687,84.438,5.4,291400,40.6,1516.0,35455.39817,704433.764,599.0389,2473.1,-0.06,0.5,1522.0,13.798,277.4
11/1/1988,61.7944,61.988,84.6678,5.3,290500,40.5,1508.0,36646.45155,707153.006,601.1266,2477.3,0.31,0.61,1569.0,13.977,271.0
12/1/1988,62.0743,62.2854,84.9862,5.3,293200,40.3,1501.0,40397.92006,716370.55,604.8488,2475.7,0.35,0.35,1563.0,16.266,276.5
1/1/1989,62.2574,62.7746,85.5469,5.4,289750,40.4,1466.0,40449.19829,717188.846,606.3592,2468.4,-0.08,-0.03,1621.0,17.983,285.4
2/1/1989,61.9819,62.1678,84.5959,5.2,303750,40.4,1383.0,38034.45993,709350.749,617.125,2460.7,0.01,-0.19,1425.0,17.826,294.0
3/1/1989,62.1369,62.1077,84.3714,5.0,322000,40.5,1214.0,37723.29433,705128.294,616.3839,2454.7,0.1,-0.49,1422.0,19.445,292.7
4/1/1989,62.1276,62.2073,84.3464,5.2,311800,40.5,1376.0,39572.80676,711559.307,619.1666,2441.9,-0.03,-0.66,1339.0,21.04,302.3
5/1/1989,61.7744,61.7256,83.518,5.2,324500,40.3,1381.0,36997.24124,708387.058,624.3541,2434.6,-0.34,-0.95,1331.0,20.032,313.9
6/1/1989,61.7697,61.8078,83.4391,5.3,333000,40.3,1322.0,39628.74665,706202.533,624.2126,2439.9,-0.42,-1.25,1397.0,20.005,323.7
7/1/1989,61.1738,61.0748,82.2513,5.2,341600,40.4,1283.0,41806.90591,698959.233,630.8649,2451.7,-0.56,-1.22,1427.0,19.644,331.9
8/1/1989,61.7732,61.6478,82.8147,5.2,334500,40.4,1334.0,35060.32273,716702.194,635.119,2469.4,-0.42,-0.88,1332.0,18.522,346.6
9/1/1989,61.5796,61.5155,82.423,5.3,336000,40.3,1314.0,34808.59325,711680.669,637.0275,2478.0,-0.32,-0.83,1279.0,19.594,347.3
10/1/1989,61.4966,61.3622,81.9997,5.3,363250,40.4,1365.0,34486.93891,704809.868,639.3536,2483.3,-0.31,-0.83,1410.0,20.091,347.4
11/1/1989,61.7044,61.4987,81.9613,5.4,336750,40.3,1344.0,38062.42988,711113.51,639.7143,2488.7,-0.2,-0.68,1351.0,19.82,340.2
12/1/1989,62.0428,61.5071,81.7522,5.4,355200,40.0,1422.0,44220.47885,713463.857,637.9449,2496.0,-0.16,-0.61,1251.0,21.088,348.6
1/1/1990,61.729,61.4858,81.5063,5.4,361000,40.4,1748.0,39286.11485,707890.794,635.7875,2483.8,-0.13,-0.02,1551.0,22.641,339.97
2/1/1990,62.2896,62.3182,82.3926,5.3,358250,40.1,1329.0,36406.37621,718408.479,636.5317,2483.8,-0.1,0.23,1437.0,22.108,330.45
3/1/1990,62.5999,62.6362,82.6004,5.2,345200,40.2,1246.0,41580.81554,722594.885,638.2437,2480.6,0.0,0.31,1289.0,20.418,338.46
4/1/1990,62.4359,62.3629,82.0368,5.4,361750,40.0,1136.0,37408.63247,714267.734,640.9802,2483.8,0.04,0.53,1248.0,18.582,338.18
5/1/1990,62.6258,62.5595,82.1004,5.4,355250,40.1,1067.0,36483.29355,720071.506,639.811,2479.2,0.07,0.58,1212.0,18.237,350.25
6/1/1990,62.8382,62.7547,82.171,5.2,362400,40.2,1108.0,36501.94018,721932.799,641.3645,2474.0,-0.15,0.19,1177.0,16.871,360.39
7/1/1990,62.7284,62.6091,81.8082,5.5,367000,40.1,1078.0,41396.68009,718064.819,639.7963,2470.9,-0.16,0.32,1171.0,18.638,360.03
8/1/1990,62.9475,62.8266,81.9327,5.7,384250,40.1,1069.0,35962.35337,725287.691,640.2745,2463.5,-0.25,0.62,1115.0,27.174,330.75
9/1/1990,62.9523,62.7045,81.6281,5.9,394000,40.1,976.0,39316.41563,711952.233,639.3691,2456.3,-0.24,0.69,1110.0,33.687,315.41
10/1/1990,62.5845,62.3201,80.9966,5.9,425250,39.8,925.0,42566.75601,708898.944,637.518,2443.3,-0.13,0.61,1014.0,35.922,307.12
11/1/1990,61.7887,61.5567,79.8882,6.2,446750,39.9,941.0,34831.90154,700518.922,639.1886,2440.2,0.1,0.58,1145.0,32.3,315.29
12/1/1990,61.3352,61.0511,79.1292,6.3,455000,40.1,861.0,43932.62153,693227.557,642.0284,2438.0,0.49,0.77,969.0,27.337,328.75
1/1/1991,61.1355,60.6722,78.5469,6.4,439750,39.9,786.0,38414.38498,688659.039,636.1319,2440.8,0.19,1.18,798.0,24.959,325.49
2/1/1991,60.6838,60.234,77.8987,6.6,484000,39.8,853.0,38197.61793,692734.897,635.9164,2451.4,0.24,1.6,965.0,20.523,362.26
3/1/1991,60.3346,59.7663,77.2211,6.8,498600,39.7,911.0,36038.1053,688729.934,635.219,2464.3,0.29,1.99,921.0,19.86,372.28
4/1/1991,60.4938,60.0267,77.4894,6.7,467250,39.8,916.0,32759.79497,702300.908,631.3454,2466.6,0.16,2.13,1001.0,20.823,379.68
5/1/1991,61.0633,60.3994,77.9033,6.9,447000,39.8,991.0,32043.0652,708061.422,627.7868,2465.3,0.14,2.29,996.0,21.24,377.99
6/1/1991,61.5581,60.957,78.5531,6.9,428600,40.1,964.0,31861.26058,704890.376,626.1112,2464.6,0.21,2.38,1036.0,20.195,378.29
7/1/1991,61.7305,61.2882,78.9063,6.8,418250,40.1,973.0,42600.55302,714091.097,623.1573,2464.1,0.23,2.45,1063.0,21.42,380.23
8/1/1991,61.7298,61.3534,78.909,6.9,431600,40.1,944.0,35124.42052,711082.268,618.3468,2456.1,0.06,2.24,1049.0,21.688,389.4
9/1/1991,62.2195,61.9503,79.584,6.9,424500,40.2,974.0,34221.22446,714123.541,620.4959,2448.8,0.12,2.2,1015.0,21.857,387.2
10/1/1991,62.1855,61.9283,79.4507,7.0,422750,40.2,991.0,34866.86396,714844.506,620.9588,2449.1,0.14,2.32,1079.0,23.228,386.88
11/1/1991,62.0871,61.778,79.1399,7.0,445400,40.2,984.0,39413.14501,712530.207,618.4141,2442.3,0.17,2.61,1103.0,22.465,385.92
12/1/1991,61.7852,61.5985,78.7793,7.3,456750,40.3,1061.0,31580.39574,703459.259,618.8362,2440.1,0.18,2.66,1079.0,19.517,388.51
1/1/1992,61.4616,61.256,78.1764,7.3,439000,40.2,1077.0,36568.36879,717085.507,613.5738,2444.8,0.04,3.0,1176.0,18.82,416.08
2/1/1992,61.8955,61.7943,78.6896,7.4,442200,40.3,1146.0,35981.0,718889.123,609.6743,2453.1,0.05,3.28,1250.0,18.995,412.56
3/1/1992,62.4232,62.4384,79.3214,7.4,429500,40.2,1082.0,39492.0,721782.597,607.3438,2447.1,0.32,3.56,1297.0,18.916,407.36
4/1/1992,62.897,62.7757,79.5506,7.4,418250,40.5,1054.0,39905.0,726592.639,604.4206,2438.8,0.31,3.75,1099.0,20.243,407.41
5/1/1992,63.104,63.1445,79.8097,7.6,417400,40.4,1056.0,40883.0,720270.973,602.2525,2432.8,0.06,3.57,1214.0,20.94,414.81
6/1/1992,63.1363,63.3477,79.8526,7.8,418750,40.3,1057.0,39395.0,727863.941,600.7283,2422.1,0.16,3.5,1145.0,22.375,408.27
7/1/1992,63.7176,63.9345,80.3764,7.7,442750,40.3,1089.0,38982.0,737611.395,599.2521,2415.6,0.19,3.59,1139.0,21.759,415.05
8/1/1992,63.3613,63.6132,79.7617,7.6,407200,40.3,1075.0,37515.0,725877.682,597.2831,2413.9,0.08,3.29,1226.0,21.35,417.93
9/1/1992,63.5703,63.7157,79.6862,7.6,417000,40.2,1114.0,38806.0,735969.997,598.3956,2416.9,0.02,3.2,1186.0,21.902,418.48
10/1/1992,63.9995,64.0781,79.9437,7.3,377800,40.3,1132.0,39461.0,738948.786,596.8324,2416.2,0.23,3.49,1244.0,21.688,412.5
11/1/1992,64.2422,64.308,80.0445,7.4,362250,40.3,1118.0,37558.0,740208.073,596.8948,2411.3,0.57,3.78,1214.0,20.342,422.84
12/1/1992,64.3507,64.2922,79.8526,7.4,339000,40.3,1176.0,40522.0,751730.303,596.9202,2406.7,0.75,3.85,1227.0,19.407,435.64
1/1/1993,64.5978,64.8854,80.4309,7.3,345600,40.5,1177.0,37310.0,753613.224,595.4533,2394.3,0.23,3.58,1210.0,19.075,435.23
2/1/1993,64.9089,65.0696,80.513,7.1,338250,40.6,1148.0,41449.0,752647.131,593.4074,2386.1,0.15,3.23,1210.0,20.053,441.7
3/1/1993,64.8522,64.9523,80.2329,7.0,351000,40.3,1056.0,38065.0,747888.758,591.3007,2380.8,0.1,2.91,1083.0,20.347,450.16
4/1/1993,65.0301,65.2527,80.4777,7.1,354750,40.8,1104.0,39994.0,751753.133,585.5795,2372.3,0.18,3.01,1258.0,20.27,443.08
5/1/1993,64.784,65.1764,80.2625,7.1,343600,40.6,1112.0,39297.0,752943.928,588.0061,2383.4,0.14,3.04,1260.0,19.94,445.25
6/1/1993,64.9301,65.1026,80.052,7.0,342750,40.5,1130.0,42739.0,759904.85,589.9095,2385.6,0.21,2.92,1280.0,19.07,448.06
7/1/1993,65.1052,65.2519,80.1149,6.9,350800,40.6,1174.0,41031.0,756227.926,587.9277,2382.0,0.14,2.75,1254.0,17.866,447.29
8/1/1993,65.0267,65.1023,79.8052,6.8,341000,40.7,1230.0,42415.0,760103.116,587.8156,2379.6,0.15,2.65,1300.0,18.009,454.13
9/1/1993,65.3717,65.568,80.2402,6.7,339000,40.8,1251.0,40238.0,766871.78,585.4565,2380.8,0.07,2.27,1343.0,17.514,459.24
10/1/1993,65.8509,66.1078,80.752,6.8,349800,40.7,1287.0,41835.0,770147.367,583.9072,2374.1,0.27,2.34,1392.0,18.145,463.9
11/1/1993,66.1518,66.4201,80.9708,6.6,341000,40.8,1357.0,41711.0,774098.258,584.0483,2376.8,0.38,2.7,1376.0,16.699,462.89
12/1/1993,66.5436,66.8415,81.3076,6.5,323000,40.9,1461.0,42306.0,776545.935,583.9928,2374.9,0.4,2.81,1533.0,14.51,465.95
1/1/1994,66.7351,66.8827,81.1677,6.6,359200,40.9,1390.0,42651.0,777430.32,587.4178,2375.2,0.14,2.7,1272.0,15.0,472.99
2/1/1994,66.774,66.9799,81.0802,6.6,348500,40.3,1269.0,43144.0,784541.443,587.9219,2369.3,0.24,2.72,1337.0,14.78,471.58
3/1/1994,67.4552,67.8693,81.933,6.5,335750,41.1,1342.0,41545.0,797604.136,594.7889,2365.8,0.51,3.14,1564.0,14.66,463.81
4/1/1994,67.8541,68.4649,82.4124,6.4,344000,41.1,1392.0,44784.0,793403.311,600.4038,2365.0,0.49,3.41,1465.0,16.38,447.23
5/1/1994,68.1663,68.8595,82.6321,6.1,359000,41.2,1396.0,43802.0,795323.482,604.7512,2366.6,0.56,3.17,1526.0,17.88,450.9
6/1/1994,68.6265,69.0729,82.6188,6.1,340000,41.2,1357.0,46475.0,802624.459,608.7014,2352.6,0.32,2.85,1409.0,19.07,454.83
7/1/1994,68.7178,69.3319,82.6498,6.1,342200,41.2,1335.0,45823.0,799106.148,616.5733,2350.5,0.49,3.04,1439.0,19.65,451.4
8/1/1994,69.1785,69.9414,83.089,6.0,336250,41.1,1377.0,46033.0,817976.218,622.3122,2339.4,0.37,2.77,1450.0,18.38,464.24
9/1/1994,69.3961,70.2321,83.1397,5.9,330250,41.1,1412.0,46086.0,814435.076,625.0522,2335.0,0.29,2.73,1474.0,17.46,466.96
10/1/1994,69.9544,70.8847,83.6095,5.8,333400,41.1,1397.0,46997.0,820651.0,631.6197,2332.2,0.75,2.98,1450.0,17.71,463.81
11/1/1994,70.4326,71.4774,83.9976,5.6,328000,41.2,1340.0,48620.0,827881.083,638.4621,2327.9,0.52,2.67,1511.0,18.1,461.01
12/1/1994,71.1523,72.2745,84.6166,5.5,323200,41.3,1396.0,46777.0,834098.208,643.9879,2322.7,0.81,2.36,1455.0,17.16,455.19
1/1/1995,71.2734,72.3768,84.4175,5.6,333500,41.3,1282.0,47530.0,837783.544,654.3104,2320.5,0.69,2.25,1407.0,17.99,465.25
2/1/1995,71.193,72.2169,83.9078,5.4,337750,40.9,1254.0,49227.0,833069.631,666.3843,2312.7,0.23,1.55,1316.0,18.53,481.92
3/1/1995,71.3113,72.4255,83.8217,5.4,340250,41.0,1226.0,48719.0,832775.237,673.4962,2308.9,0.17,1.22,1249.0,18.55,493.15
4/1/1995,71.1882,72.1813,83.2082,5.8,350200,40.5,1259.0,48831.0,826543.692,677.4348,2305.1,0.07,1.01,1267.0,19.87,507.91
5/1/1995,71.5378,72.462,83.1916,5.6,370250,40.5,1271.0,50995.0,832629.842,686.0514,2317.0,0.05,0.62,1314.0,19.74,523.81
6/1/1995,71.7749,72.8054,83.2331,5.6,366250,40.7,1305.0,49312.0,840655.39,690.3815,2328.7,-0.06,0.17,1281.0,18.42,539.35
7/1/1995,71.4748,72.3099,82.3071,5.7,371400,40.7,1354.0,48029.0,830716.88,698.6658,2337.7,-0.06,0.43,1461.0,17.3,557.37
8/1/1995,72.4223,73.1582,82.8963,5.7,356250,40.8,1386.0,49796.0,847545.417,703.1401,2347.3,0.08,0.75,1416.0,18.03,559.11
9/1/1995,72.7144,73.816,83.25,5.6,362000,40.8,1421.0,55726.0,846509.63,706.2303,2352.8,-0.06,0.4,1369.0,18.23,578.77
10/1/1995,72.5866,73.7151,82.7324,5.5,371500,40.8,1400.0,51986.0,846951.822,706.4451,2354.0,0.06,0.28,1369.0,17.44,582.92
11/1/1995,72.7779,73.7924,82.4035,5.6,377000,40.8,1430.0,54154.0,853885.107,712.7022,2355.2,-0.06,0.13,1452.0,17.99,595.53
12/1/1995,73.0305,74.039,82.2529,5.6,365000,40.5,1442.0,58004.0,857932.126,715.1002,2358.3,0.04,0.11,1431.0,19.04,614.57
1/1/1996,72.6125,73.5325,81.2592,5.6,374000,39.5,1387.0,52120.0,849368.258,721.7298,2358.0,-0.16,0.09,1467.0,18.88,614.42
2/1/1996,73.6752,74.6185,82.0152,5.5,377250,40.9,1420.0,52255.0,857042.936,723.945,2362.5,-0.07,0.59,1491.0,19.07,649.54
3/1/1996,73.585,74.4687,81.4024,5.5,386400,40.7,1437.0,56387.0,857469.507,727.1887,2371.0,0.0,0.96,1424.0,21.36,647.07
4/1/1996,74.3172,75.3769,81.9406,5.6,359250,40.8,1463.0,50728.0,865141.781,731.9809,2368.8,0.17,1.29,1516.0,23.57,647.17
5/1/1996,74.8726,75.9747,82.1342,5.6,344500,40.8,1457.0,55165.0,871724.196,736.1981,2371.9,0.15,1.5,1504.0,21.25,661.23
6/1/1996,75.4433,76.6961,82.4584,5.3,342200,41.0,1429.0,54476.0,867614.693,741.3047,2375.6,0.22,1.64,1467.0,20.45,668.5
7/1/1996,75.4549,77.0399,82.38,5.5,337000,40.8,1450.0,55301.0,874466.269,745.2041,2380.3,0.13,1.47,1472.0,21.32,644.07
8/1/1996,75.8411,77.3887,82.3084,5.1,331800,41.0,1413.0,50906.0,877467.888,748.1998,2381.7,0.2,1.42,1557.0,21.96,662.68
9/1/1996,76.3158,77.9852,82.4969,5.2,342750,41.0,1392.0,55893.0,880151.082,758.824,2380.1,0.22,1.53,1475.0,23.99,674.88
10/1/1996,76.3384,77.9486,82.0128,5.2,339000,41.0,1358.0,55625.0,887041.109,766.2964,2384.8,0.19,1.29,1392.0,24.9,701.46
11/1/1996,77.0397,78.6655,82.3142,5.4,336400,41.0,1412.0,54534.0,893603.096,772.1146,2391.4,0.1,0.89,1489.0,23.71,735.67
12/1/1996,77.5333,79.3477,82.5699,5.4,353500,41.1,1411.0,52363.0,887167.277,778.5077,2400.1,0.22,1.01,1370.0,25.39,743.25
1/1/1997,77.6562,79.4372,82.2119,5.3,339000,40.6,1382.0,53933.0,898609.0,782.1925,2405.6,0.07,1.33,1355.0,25.17,766.22
2/1/1997,78.5833,80.5502,82.8966,5.2,320750,41.0,1445.0,58023.0,916958.0,788.9324,2408.5,0.09,1.23,1486.0,22.21,798.39
3/1/1997,79.082,81.3278,83.2201,5.2,319400,41.3,1436.0,56876.0,917376.0,795.3782,2416.3,0.03,1.3,1457.0,20.99,792.16
4/1/1997,79.1747,81.2926,82.7028,5.1,327000,41.3,1421.0,58534.0,920441.0,803.8042,2424.6,0.09,1.38,1492.0,19.72,763.93
5/1/1997,79.6133,81.8657,82.788,4.9,323800,41.2,1414.0,56732.0,920215.0,808.9736,2432.3,0.1,1.21,1442.0,20.83,833.09
6/1/1997,79.9792,82.3847,82.7944,5.0,325500,41.0,1402.0,60619.0,932603.0,813.3984,2438.2,0.0,0.93,1494.0,19.17,876.29
7/1/1997,80.6624,83.0271,82.902,4.9,320250,41.1,1440.0,62368.0,942048.0,816.7129,2446.3,-0.01,0.7,1437.0,19.63,925.29
8/1/1997,81.4694,84.0391,83.3485,4.8,330200,41.1,1449.0,62531.0,939378.0,822.9157,2461.1,-0.04,0.76,1390.0,19.93,927.24
9/1/1997,82.2156,84.7963,83.5136,4.9,315250,41.2,1494.0,62284.0,946972.0,830.3257,2464.7,-0.03,0.67,1546.0,19.79,937.02
10/1/1997,82.9446,85.5697,83.6688,4.7,310000,41.1,1499.0,63394.0,944230.0,834.4586,2472.0,0.05,0.53,1520.0,21.26,951.16
11/1/1997,83.5978,86.401,83.8583,4.6,314600,41.0,1469.0,73908.0,954274.0,839.8971,2482.9,0.12,0.36,1510.0,20.17,938.92
12/1/1997,83.9538,86.8366,83.6515,4.7,313250,41.3,1456.0,58910.0,951871.0,844.8364,2492.5,0.2,0.31,1566.0,18.32,962.37
1/1/1998,84.3218,87.4924,83.6492,4.6,321200,41.1,1555.0,60798.0,953719.0,855.3153,2503.8,-0.12,-0.02,1525.0,16.71,963.36
2/1/1998,84.4583,87.6339,83.1551,4.6,319000,41.1,1647.0,62636.0,967109.0,862.0974,2524.0,-0.06,0.06,1584.0,16.06,1023.74
3/1/1998,84.488,87.4881,82.3971,4.7,315000,40.9,1605.0,60377.0,971898.0,865.7996,2539.7,0.0,0.16,1567.0,15.02,1076.83
4/1/1998,84.7779,87.8896,82.1691,4.3,311000,40.6,1547.0,63252.0,973216.0,864.2988,2552.5,0.03,0.19,1540.0,15.44,1112.2
5/1/1998,85.3367,88.3657,82.0271,4.4,311200,40.9,1554.0,63558.0,976540.0,875.6518,2561.1,0.01,0.16,1536.0,14.86,1108.42
6/1/1998,84.8248,87.7117,80.8666,4.5,338000,40.8,1551.0,62716.0,972634.0,891.15,2570.1,-0.06,-0.06,1641.0,13.66,1108.39
7/1/1998,84.4986,87.3494,80.0244,4.5,333000,40.8,1610.0,61303.0,966951.0,897.8608,2575.9,-0.04,-0.08,1698.0,14.08,1156.58
8/1/1998,86.248,89.4914,81.4968,4.5,312600,40.9,1654.0,63917.0,977500.0,904.3571,2587.9,-0.05,-0.21,1614.0,13.36,1074.62
9/1/1998,86.2021,89.4262,80.9731,4.6,304000,40.6,1577.0,63835.0,986814.0,912.8299,2610.2,-0.19,-0.7,1582.0,14.95,1020.64
10/1/1998,86.7914,90.188,81.2168,4.5,310600,40.9,1719.0,60928.0,995183.0,932.1106,2628.4,0.02,-0.54,1715.0,14.39,1032.47
11/1/1998,86.7256,90.3359,80.9192,4.4,316000,40.8,1672.0,62463.0,999456.0,942.2355,2648.8,0.32,0.0,1660.0,12.85,1144.43
12/1/1998,87.1185,90.8976,81.0067,4.4,316000,41.1,1742.0,58598.0,1007152.0,938.7909,2661.6,0.36,-0.03,1792.0,11.28,1190.05
1/1/1999,87.4949,91.1505,80.8313,4.3,326200,40.7,1732.0,63726.0,1005803.0,937.4063,2673.3,0.18,0.09,1748.0,12.47,1248.77
2/1/1999,88.027,91.979,81.1755,4.4,301500,40.8,1720.0,62053.0,1021353.0,935.6172,2687.2,0.06,0.24,1670.0,12.01,1246.58
3/1/1999,88.2267,91.9882,80.8083,4.2,302750,40.5,1665.0,61480.0,1019851.0,944.2363,2689.7,0.03,0.42,1710.0,14.66,1281.66
4/1/1999,88.4295,92.3156,80.7354,4.3,308500,40.7,1600.0,61939.0,1018152.0,947.1871,2689.2,0.06,0.44,1553.0,17.34,1334.76
5/1/1999,88.9886,93.0596,81.0344,4.2,301600,40.7,1640.0,63269.0,1033086.0,942.0807,2702.5,0.09,0.8,1611.0,17.75,1332.07
6/1/1999,88.9188,92.8333,80.4957,4.3,294000,40.8,1702.0,62413.0,1034140.0,949.8025,2715.7,0.28,1.14,1559.0,17.89,1322.55
7/1/1999,89.4333,93.2043,80.4847,4.3,298000,40.8,1682.0,66309.0,1035484.0,958.6382,2720.7,0.15,0.8,1669.0,20.07,1380.99
8/1/1999,89.7924,93.7635,80.634,4.2,290750,40.8,1671.0,66476.0,1043658.0,969.3807,2724.5,0.21,0.87,1648.0,21.26,1327.49
9/1/1999,89.4299,93.3809,79.9785,4.2,289500,40.9,1551.0,66827.0,1041766.0,975.6399,2722.8,0.1,0.7,1635.0,23.88,1318.17
10/1/1999,90.523,94.6821,80.7666,4.1,290400,40.9,1649.0,65730.0,1050919.0,979.0983,2732.1,0.73,0.91,1608.0,22.64,1300.01
11/1/1999,90.9618,95.287,80.9602,4.1,281750,41.0,1672.0,64522.0,1056351.0,1000.2986,2738.6,0.43,0.61,1648.0,24.97,1391.0
12/1/1999,91.6634,95.9265,81.1849,4.0,278500,40.8,1683.0,69654.0,1060927.0,1000.6226,2748.4,0.63,0.98,1708.0,26.08,1428.68
1/1/2000,91.538,95.8768,80.8292,4.0,288400,40.9,1727.0,69082.0,1069375.0,1003.1482,2757.0,0.36,1.21,1636.0,27.18,1425.59
2/1/2000,91.8239,96.0659,80.6792,4.1,293750,41.1,1692.0,62039.0,1050132.0,1016.2395,2753.5,0.17,0.79,1737.0,29.35,1388.87
3/1/2000,92.1504,96.6465,80.8587,4.0,274750,40.9,1651.0,67103.0,1062548.0,1026.2416,2755.4,0.18,0.41,1604.0,29.89,1442.21
4/1/2000,92.6989,97.2139,81.0265,3.8,271600,41.1,1597.0,69174.0,1071378.0,1035.2058,2789.8,0.13,-0.03,1626.0,25.74,1461.36
5/1/2000,92.9499,97.1881,80.701,4.0,282250,40.7,1543.0,67333.0,1065692.0,1051.7891,2777.9,0.3,0.17,1575.0,28.78,1418.48
6/1/2000,92.9862,97.3286,80.5159,4.0,291000,40.7,1572.0,76145.0,1072737.0,1062.7574,2772.1,0.06,-0.43,1559.0,31.83,1461.96
7/1/2000,92.8048,97.392,80.2704,4.0,295000,40.9,1542.0,67891.0,1065977.0,1068.6389,2774.3,0.0,-0.49,1463.0,29.77,1473.0
8/1/2000,92.5521,96.7683,79.4606,4.1,312750,40.6,1552.0,69689.0,1066347.0,1071.8339,2790.7,-0.01,-0.67,1541.0,31.22,1485.46
9/1/2000,92.9792,97.2647,79.5715,3.9,300200,40.6,1570.0,75032.0,1077852.0,1073.3289,2796.8,-0.05,-0.72,1507.0,33.88,1468.05
10/1/2000,92.6179,96.8598,78.9447,3.9,301000,40.8,1577.0,65726.0,1069627.0,1078.8326,2801.2,0.01,-0.77,1549.0,33.08,1390.14
11/1/2000,92.6438,96.6106,78.447,3.9,334250,40.5,1614.0,68968.0,1061839.0,1080.5634,2802.9,0.01,-0.79,1551.0,34.4,1378.04
12/1/2000,92.3415,96.0365,77.6908,3.9,346000,40.0,1543.0,72194.0,1070164.0,1084.8969,2822.2,-0.07,-1.16,1532.0,28.46,1330.93
1/1/2001,91.902,95.6911,77.1264,4.2,340000,40.2,1699.0,63251.0,1061578.0,1093.6156,2835.0,-0.47,-0.82,1600.0,29.58,1335.63
2/1/2001,91.3034,95.0451,76.3313,4.2,371250,40.0,1656.0,64748.0,1066262.0,1093.8498,2850.6,-0.3,-0.39,1625.0,29.61,1305.75
3/1/2001,91.1162,94.8512,75.9107,4.3,387200,40.1,1659.0,64218.0,1053481.0,1092.1973,2881.8,-0.5,-0.42,1590.0,27.24,1185.85
4/1/2001,90.7891,94.4682,75.3521,4.4,396750,40.0,1666.0,59075.0,1045172.0,1089.2749,2913.3,-0.33,0.34,1649.0,27.41,1189.84
5/1/2001,90.3555,93.9837,74.7304,4.3,394500,40.0,1665.0,59859.0,1054208.0,1083.9579,2897.5,-0.25,1.18,1605.0,28.64,1270.37
6/1/2001,89.8784,93.4573,74.097,4.5,397200,40.0,1626.0,59725.0,1039840.0,1071.9119,2915.1,-0.28,1.31,1636.0,27.6,1238.71
7/1/2001,89.3028,92.9552,73.5073,4.6,398000,40.2,1598.0,55569.0,1043806.0,1063.9525,2936.9,-0.15,1.47,1670.0,26.45,1204.45
8/1/2001,89.2003,92.5792,73.0372,4.9,398000,39.9,1615.0,57022.0,1052430.0,1055.8851,2955.9,-0.21,1.32,1567.0,27.47,1178.5
9/1/2001,88.7485,92.2002,72.5829,5.0,435000,39.7,1565.0,52585.0,1030304.0,1059.5265,3006.8,-0.23,1.66,1562.0,25.88,1044.64
10/1/2001,88.5052,91.8381,72.1596,5.3,480750,39.6,1566.0,50181.0,1060915.0,1045.2523,3008.9,-0.2,2.08,1540.0,22.21,1076.59
11/1/2001,87.97,91.4767,71.7544,5.5,447500,39.8,1651.0,52555.0,1055757.0,1034.2084,3035.2,-0.09,2.56,1602.0,19.67,1129.68
12/1/2001,87.9324,91.6501,71.7863,5.7,416800,39.9,1680.0,52756.0,1057834.0,1021.5675,3066.8,-0.01,3.27,1568.0,19.33,1144.93
1/1/2002,88.5176,92.242,72.1618,5.7,408500,39.8,1665.0,49589.0,1056809.0,1011.7855,3073.1,-0.01,3.31,1698.0,19.67,1140.21
2/1/2002,88.5278,92.2394,72.088,5.7,399000,39.8,1787.0,54070.0,1060653.0,1016.4296,3084.4,0.06,3.17,1829.0,20.74,1100.67
3/1/2002,89.1686,92.8489,72.5091,5.7,415400,39.9,1691.0,50575.0,1055421.0,1012.0572,3082.4,0.14,3.55,1642.0,24.42,1153.79
4/1/2002,89.604,93.1232,72.6845,5.9,429250,40.1,1669.0,51737.0,1067559.0,1000.4692,3068.7,0.08,3.46,1592.0,26.27,1111.93
5/1/2002,89.964,93.5687,73.0064,5.8,409000,39.9,1716.0,53818.0,1069774.0,990.7703,3079.8,0.05,3.41,1764.0,27.02,1079.25
6/1/2002,90.7061,94.4778,73.7004,5.8,387200,40.1,1758.0,49427.0,1073259.0,983.8954,3092.0,0.03,3.18,1717.0,25.52,1014.02
7/1/2002,90.6769,94.3789,73.6162,5.8,386000,39.8,1738.0,52835.0,1070268.0,976.6186,3108.9,0.03,2.92,1655.0,26.94,903.59
8/1/2002,90.5762,94.4676,73.6831,5.7,393600,39.9,1695.0,56817.0,1080545.0,972.4442,3123.7,-0.03,2.52,1633.0,28.38,912.55
9/1/2002,90.6531,94.5096,73.7166,5.7,409500,39.9,1803.0,50471.0,1071285.0,966.4242,3131.8,-0.01,2.12,1804.0,29.67,867.81
10/1/2002,90.4643,94.269,73.5323,5.7,407500,39.8,1799.0,51940.0,1066346.0,963.2808,3149.6,-0.04,2.19,1648.0,28.85,854.63
11/1/2002,90.9711,94.7507,73.9162,5.9,392200,39.7,1771.0,51932.0,1077771.0,960.7924,3172.5,0.03,2.71,1753.0,26.27,909.93
12/1/2002,90.4652,94.1882,73.4884,6.0,414250,39.9,1896.0,51237.0,1069405.0,957.7599,3179.0,0.08,2.79,1788.0,29.42,899.18
1/1/2003,91.2361,94.9688,74.1095,5.8,395000,39.8,1808.0,51724.0,1075692.0,950.1322,3183.0,0.03,2.81,1853.0,32.94,895.84
2/1/2003,91.3445,94.8566,74.0295,5.9,411000,39.5,1854.0,51771.0,1063803.0,941.2618,3185.3,-0.01,2.64,1629.0,35.87,837.03
3/1/2003,91.1044,94.962,74.1193,5.9,427400,39.9,1757.0,53379.0,1073501.0,937.7421,3191.1,-0.04,2.56,1726.0,33.55,846.63
4/1/2003,90.5617,94.2845,73.6009,6.0,436250,39.5,1803.0,51568.0,1070393.0,935.3311,3223.5,-0.03,2.7,1643.0,28.25,890.03
5/1/2003,90.537,94.3262,73.6471,6.1,424000,39.8,1835.0,52832.0,1079781.0,923.877,3261.5,-0.06,2.31,1751.0,28.14,935.96
6/1/2003,90.6527,94.7515,73.9947,6.3,421750,39.8,1875.0,52705.0,1089890.0,917.209,3278.1,-0.2,2.11,1867.0,30.72,988.0
7/1/2003,91.1185,95.0584,74.2472,6.2,411500,39.6,1885.0,52247.0,1098175.0,921.4341,3292.9,0.02,2.97,1897.0,30.76,992.54
8/1/2003,90.9197,94.6166,73.9161,6.1,400200,39.8,1966.0,51912.0,1097724.0,909.5964,3310.1,0.03,3.42,1833.0,31.59,989.53
9/1/2003,91.5059,95.4042,74.5478,6.1,395500,39.9,1961.0,54924.0,1102189.0,899.9446,3284.5,0.05,3.26,1939.0,28.29,1019.44
10/1/2003,91.6186,95.5035,74.647,6.0,382000,40.0,2012.0,54231.0,1104794.0,887.2151,3282.9,0.05,3.28,1967.0,30.33,1038.73
11/1/2003,92.2329,96.3187,75.3087,5.8,363000,40.2,1918.0,53818.0,1109066.0,882.0882,3284.1,0.08,3.3,2083.0,31.09,1049.9
12/1/2003,92.2602,96.2249,75.2623,5.7,358250,39.9,1987.0,55374.0,1105930.0,883.655,3274.3,0.09,3.29,2057.0,32.15,1080.64
1/1/2004,92.4006,96.1259,75.2136,5.7,360200,40.1,1952.0,53000.0,1100415.0,876.2356,3264.7,0.04,3.15,1911.0,34.27,1132.52
2/1/2004,92.958,96.8445,75.8069,5.6,360750,40.2,1966.0,54440.0,1108947.0,874.2774,3279.0,0.02,3.07,1846.0,34.74,1143.36
3/1/2004,92.5861,96.8071,75.8094,5.8,342000,40.2,2066.0,58317.0,1134983.0,869.5143,3291.2,0.03,2.83,1998.0,36.76,1123.98
4/1/2004,92.93,97.1043,76.0725,5.6,348250,39.8,2070.0,54141.0,1122891.0,864.7337,3307.8,0.06,3.35,2003.0,36.69,1133.36
5/1/2004,93.6013,97.7813,76.628,5.6,336200,40.2,2150.0,55785.0,1126018.0,862.6995,3334.6,0.16,3.72,1981.0,40.28,1102.78
6/1/2004,92.871,97.12,76.1259,5.6,349000,39.9,2020.0,56353.0,1124971.0,869.0455,3323.4,0.36,3.7,1828.0,38.02,1132.76
7/1/2004,93.5649,97.9871,76.8104,5.5,343000,40.1,2112.0,61571.0,1126633.0,878.117,3326.9,0.25,3.24,2002.0,40.69,1105.85
8/1/2004,93.6277,98.4199,77.1402,5.4,340750,40.1,2056.0,54795.0,1136416.0,882.8316,3339.2,0.22,2.85,2024.0,44.94,1088.94
9/1/2004,93.7467,98.4467,77.1344,5.4,337250,40.1,2041.0,59343.0,1141076.0,886.7373,3346.8,0.2,2.52,1905.0,45.95,1117.66
10/1/2004,94.5465,99.312,77.7669,5.5,334000,39.9,2097.0,56647.0,1143491.0,889.5302,3343.7,0.21,2.34,2072.0,53.13,1117.21
11/1/2004,94.7813,99.3132,77.7031,5.4,328750,39.9,2079.0,61024.0,1145583.0,897.9707,3341.8,0.27,2.26,1782.0,48.46,1168.94
12/1/2004,95.5365,100.096,78.2322,5.4,325250,40.1,2082.0,60317.0,1163441.0,906.5194,3351.3,0.22,2.07,2042.0,43.33,1199.21
1/1/2005,95.8801,100.7296,78.6268,5.3,343400,39.8,2139.0,61857.0,1167649.0,921.3183,3356.4,0.28,1.94,2144.0,46.84,1181.41
2/1/2005,96.5761,101.593,79.1803,5.4,311750,39.9,2114.0,62307.0,1168023.0,931.6006,3346.6,0.21,1.67,2207.0,47.97,1199.63
3/1/2005,96.4456,101.118,78.6751,5.2,332000,39.8,2062.0,58897.0,1160056.0,945.8622,3339.4,0.28,1.87,1864.0,54.31,1194.9
4/1/2005,96.6532,101.5613,78.8731,5.2,323200,40.0,2150.0,60960.0,1177581.0,958.801,3336.0,0.23,1.55,2061.0,53.04,1164.43
5/1/2005,96.7402,101.842,78.9331,5.1,327000,39.9,2085.0,73042.0,1175330.0,968.6237,3346.6,0.15,1.14,2025.0,49.83,1178.28
6/1/2005,97.1753,102.0596,78.9349,5.0,325750,39.9,2178.0,70201.0,1186461.0,975.0068,3361.7,0.26,0.96,2068.0,56.26,1202.25
7/1/2005,96.8676,101.7046,78.4897,5.0,324400,39.9,2203.0,64436.0,1185681.0,989.703,3357.4,0.23,0.92,2054.0,58.7,1222.24
8/1/2005,97.1833,102.2411,78.7308,4.9,315750,39.9,2219.0,68920.0,1188599.0,995.5061,3353.5,0.19,0.76,2095.0,64.97,1224.27
9/1/2005,95.3005,101.1182,77.6962,5.0,382750,40.1,2263.0,62715.0,1182865.0,1000.7563,3325.0,0.17,0.58,2151.0,65.57,1225.92
10/1/2005,96.4572,102.5657,78.6389,5.0,352200,40.3,2170.0,67294.0,1182725.0,1014.6763,3337.0,0.27,0.68,2065.0,62.37,1191.96
11/1/2005,97.5414,103.5015,79.1894,5.0,317250,40.5,2218.0,81362.0,1198972.0,1023.0361,3362.3,0.23,0.54,2147.0,58.3,1237.37
12/1/2005,98.0452,103.6438,79.1365,4.9,316400,40.2,2120.0,78881.0,1205870.0,1036.3155,3376.0,0.21,0.31,1994.0,59.43,1262.07
1/1/2006,98.1999,104.4492,79.5941,4.7,295750,40.5,2212.0,69074.0,1212206.0,1048.677,3376.9,0.19,0.13,2273.0,65.51,1278.73
2/1/2006,98.2413,104.1717,79.2317,4.8,290750,40.4,2141.0,70649.0,1215079.0,1058.2694,3387.5,0.14,0.08,2119.0,61.63,1276.65
3/1/2006,98.4628,104.1553,79.0731,4.7,301750,40.4,2118.0,77906.0,1217128.0,1068.6019,3389.7,0.2,0.13,1969.0,62.9,1293.74
4/1/2006,98.7618,104.5311,79.2153,4.7,303600,40.6,1998.0,71120.0,1205627.0,1085.217,3391.6,0.15,0.2,1821.0,69.69,1302.17
5/1/2006,98.7869,104.2747,78.8787,4.6,332750,40.3,1905.0,71934.0,1215535.0,1103.3153,3384.8,0.11,0.17,1942.0,70.94,1290.01
6/1/2006,99.0997,104.5546,78.9462,4.6,305500,40.5,1867.0,71231.0,1212189.0,1118.8134,3395.3,0.26,0.12,1802.0,70.96,1253.17
7/1/2006,99.0489,104.2178,78.5463,4.7,318800,40.6,1763.0,69535.0,1206927.0,1130.7415,3397.5,0.13,-0.15,1737.0,74.41,1260.24
8/1/2006,99.4836,104.967,78.9594,4.7,314250,40.6,1722.0,67780.0,1213695.0,1151.7102,3398.0,0.04,-0.37,1650.0,73.05,1287.15
9/1/2006,99.3183,105.0719,78.8808,4.5,316200,40.3,1655.0,86771.0,1213475.0,1150.8735,3428.2,0.0,-0.53,1720.0,63.87,1317.74
10/1/2006,99.2044,104.5817,78.3488,4.4,315500,40.6,1570.0,76107.0,1214355.0,1161.5392,3467.9,-0.01,-0.52,1491.0,58.88,1363.38
11/1/2006,99.1627,104.7023,78.2681,4.5,326250,40.4,1535.0,75348.0,1215059.0,1170.5212,3483.8,-0.01,-0.65,1570.0,59.37,1388.64
12/1/2006,100.1735,106.2247,79.227,4.4,324000,40.8,1638.0,79761.0,1234494.0,1182.8014,3486.0,0.0,-0.68,1649.0,62.03,1416.42
1/1/2007,99.8346,105.8727,78.781,4.6,317250,40.4,1626.0,72901.0,1226965.0,1192.29,3499.0,-0.01,-0.49,1409.0,54.57,1424.16
2/1/2007,100.7753,106.199,78.8347,4.5,322750,40.2,1598.0,74961.0,1234327.0,1204.8529,3493.3,-0.03,-0.54,1480.0,59.26,1444.8
3/1/2007,100.9547,107.0669,79.285,4.4,309400,40.6,1596.0,83612.0,1235875.0,1215.6537,3491.8,-0.04,-0.7,1495.0,60.56,1406.95
4/1/2007,101.6334,107.735,79.5845,4.5,320250,40.5,1470.0,83261.0,1233744.0,1226.6366,3516.5,-0.02,-0.56,1490.0,63.97,1463.64
5/1/2007,101.7306,107.7147,79.3763,4.4,304250,40.5,1493.0,77474.0,1242000.0,1244.7308,3508.8,-0.02,-0.5,1415.0,63.46,1511.14
6/1/2007,101.7893,108.1181,79.4851,4.6,315200,40.6,1407.0,81194.0,1240587.0,1263.9333,3516.7,0.0,-0.15,1448.0,67.48,1514.19
7/1/2007,101.6672,108.102,79.2955,4.7,313250,40.6,1361.0,81461.0,1233195.0,1281.8644,3525.3,-0.01,-0.26,1354.0,74.18,1520.71
8/1/2007,101.863,107.7787,78.8946,4.6,320000,40.5,1321.0,77094.0,1248674.0,1306.9108,3560.9,0.28,-0.35,1330.0,72.39,1454.62
9/1/2007,102.0894,108.0589,78.9517,4.7,313400,40.6,1261.0,79156.0,1249279.0,1349.608,3554.6,0.25,-0.42,1183.0,79.93,1497.12
10/1/2007,101.8015,107.8912,78.7002,4.7,328250,40.5,1192.0,77092.0,1255916.0,1375.0587,3550.9,0.15,-0.23,1264.0,86.2,1539.66
11/1/2007,102.3446,108.4125,78.9719,4.7,336000,40.7,1224.0,79283.0,1252867.0,1394.4104,3535.3,0.26,-0.34,1197.0,94.62,1463.39
12/1/2007,102.3803,108.5636,78.9954,5.0,348200,40.5,1149.0,87730.0,1242662.0,1418.0137,3539.4,0.52,-0.14,1037.0,91.73,1479.22
1/1/2008,102.2448,108.3251,78.7582,5.0,338750,40.5,1094.0,85602.0,1248910.0,1440.7731,3543.1,-0.24,-0.2,1084.0,92.95,1378.76
2/1/2008,101.8438,107.5586,78.161,4.9,346750,40.4,1014.0,80850.0,1236974.0,1448.8634,3575.2,0.05,0.76,1103.0,95.35,1354.87
3/1/2008,101.5336,107.1201,77.8244,5.1,363400,40.6,967.0,82581.0,1220580.0,1470.5797,3593.4,0.09,0.9,1005.0,105.56,1316.94
4/1/2008,100.8785,106.0809,77.0718,5.0,359500,40.5,1008.0,79313.0,1233018.0,1490.1961,3604.9,0.44,1.4,1013.0,112.57,1370.47
5/1/2008,100.2674,105.432,76.6191,5.4,366800,40.2,995.0,76983.0,1224494.0,1491.5275,3589.6,0.63,1.9,973.0,125.39,1403.22
6/1/2008,100.0335,104.7179,76.1328,5.6,383250,40.4,1180.0,76282.0,1222857.0,1498.3048,3561.0,0.7,2.1,1046.0,133.93,1341.25
7/1/2008,99.676,103.7161,75.4485,5.8,398000,40.3,921.0,74644.0,1201769.0,1512.2658,3557.4,0.71,2.0,923.0,133.44,1257.33
8/1/2008,98.1111,102.399,74.544,6.1,433000,40.3,858.0,71246.0,1192943.0,1512.8682,3569.3,0.76,1.89,844.0,116.61,1281.47
9/1/2008,93.7895,98.8605,72.0301,6.1,464000,39.9,797.0,70681.0,1163601.0,1530.4048,3596.7,1.1,1.88,820.0,103.9,1216.95
10/1/2008,94.7219,98.2129,71.6296,6.5,475250,40.0,736.0,64965.0,1152758.0,1586.9164,3675.2,2.22,2.84,777.0,76.65,968.8
11/1/2008,93.4715,95.756,69.9172,6.8,519800,39.6,626.0,61322.0,1121305.0,1576.3301,3765.8,1.15,3.14,652.0,57.44,883.04
12/1/2008,90.8357,92.5493,67.6607,7.3,564000,39.3,554.0,54777.0,1115214.0,1559.194,3881.2,0.93,2.26,560.0,41.02,877.56
1/1/2009,88.57,89.5471,65.5546,7.8,572000,39.2,545.0,49061.0,1091570.0,1544.5985,3911.1,0.95,2.37,490.0,41.74,865.58
2/1/2009,88.031,89.4472,65.5782,8.3,644000,39.3,558.0,47589.0,1098345.0,1532.4425,3911.2,0.45,2.65,582.0,39.16,805.23
3/1/2009,86.6528,87.8093,64.4771,8.7,659250,38.9,513.0,46437.0,1075682.0,1511.0127,3946.6,0.44,2.64,505.0,47.98,757.13
4/1/2009,85.9344,87.1679,64.107,9.0,627750,38.9,521.0,44615.0,1067305.0,1491.647,3944.9,0.33,2.78,478.0,49.79,848.15
5/1/2009,85.0665,86.2363,63.5243,9.4,612000,38.9,556.0,48173.0,1067765.0,1469.7132,3966.4,0.19,3.11,540.0,59.16,902.41
6/1/2009,84.7459,85.9699,63.4322,9.5,598250,39.1,601.0,49376.0,1066077.0,1436.3434,3938.4,0.15,3.51,585.0,69.68,926.12
7/1/2009,85.7027,87.2687,64.4955,9.5,566500,39.3,595.0,51190.0,1081824.0,1395.4735,3941.5,0.17,3.4,594.0,64.09,935.82
8/1/2009,86.6426,88.2309,65.3114,9.6,559200,39.3,616.0,51317.0,1082444.0,1362.9194,3928.1,0.13,3.43,586.0,71.06,1009.73
9/1/2009,87.4063,89.1568,66.102,9.8,547500,39.2,609.0,50601.0,1083725.0,1337.3367,3919.9,0.08,3.25,585.0,69.46,1044.55
10/1/2009,87.6419,89.2636,66.2859,10.0,525400,39.2,583.0,51372.0,1089060.0,1308.1789,3920.3,0.1,3.27,534.0,75.82,1067.66
11/1/2009,88.0221,90.1922,67.0806,9.9,494000,39.7,623.0,50603.0,1097236.0,1290.6774,3920.7,0.07,3.28,588.0,78.08,1088.07
12/1/2009,88.3793,90.1418,67.1474,9.9,485500,39.6,664.0,49624.0,1100924.0,1265.5793,3916.4,0.08,3.47,581.0,74.3,1110.38
1/1/2010,89.3426,91.0661,67.941,9.8,479800,40.0,636.0,56916.0,1097775.0,1238.5212,3898.0,0.07,3.62,614.0,78.22,1123.58
2/1/2010,89.6779,91.0289,68.0202,9.8,485750,39.6,650.0,62116.0,1105025.0,1223.367,3924.5,0.07,3.56,604.0,76.42,1089.16
3/1/2010,90.2928,92.1506,68.9678,9.9,470250,40.0,687.0,58873.0,1119036.0,1209.7429,3921.5,0.08,3.57,636.0,81.24,1152.05
4/1/2010,90.5991,92.8795,69.624,9.9,469000,40.6,637.0,59108.0,1129045.0,1207.5429,3935.0,0.1,3.65,687.0,84.48,1197.32
5/1/2010,91.823,94.0452,70.611,9.6,459400,40.5,575.0,64043.0,1125510.0,1196.9216,3962.0,0.24,3.22,583.0,73.84,1125.06
6/1/2010,91.9928,93.9877,70.682,9.4,460500,40.3,587.0,63013.0,1136355.0,1190.1483,3972.4,0.28,3.02,536.0,75.35,1083.36
7/1/2010,92.3421,94.472,71.1601,9.4,459200,40.3,579.0,58990.0,1145984.0,1189.0278,3970.3,0.19,2.83,546.0,76.37,1079.8
8/1/2010,92.6805,94.5937,71.3642,9.5,475000,40.5,580.0,63920.0,1146566.0,1187.4701,3986.7,0.08,2.51,599.0,76.82,1087.28
9/1/2010,92.9537,94.6764,71.5357,9.5,453500,40.6,563.0,70531.0,1146388.0,1185.7277,3994.4,0.06,2.46,594.0,75.31,1122.08
10/1/2010,92.6903,94.7236,71.6761,9.4,446800,40.6,558.0,66779.0,1152306.0,1185.2038,4003.2,0.06,2.35,543.0,81.9,1171.58
11/1/2010,92.7709,94.8557,71.8748,9.8,426250,40.6,560.0,63913.0,1155595.0,1187.5082,4002.5,0.06,2.57,545.0,84.14,1198.89
12/1/2010,93.6787,95.3202,72.3185,9.3,420250,40.6,632.0,60121.0,1157650.0,1192.7014,4001.7,0.09,3.11,539.0,89.04,1241.53
1/1/2011,93.4814,95.3653,72.4358,9.1,426800,40.1,576.0,66278.0,1171839.0,1195.9352,3998.9,0.09,3.22,630.0,89.42,1282.62
2/1/2011,93.1102,95.5349,72.6355,9.0,401500,40.9,542.0,63920.0,1155055.0,1199.5471,4014.8,0.09,3.42,517.0,89.58,1321.12
3/1/2011,94.0788,96.1305,73.1469,9.0,406000,40.7,583.0,72943.0,1168286.0,1206.4413,4020.2,0.09,3.27,600.0,102.94,1304.49
4/1/2011,93.7749,95.6164,72.8001,9.1,420600,40.9,581.0,64802.0,1164024.0,1214.9147,4029.7,0.12,3.36,554.0,110.04,1331.51
5/1/2011,93.888,95.5968,72.8134,9.0,422500,41.0,618.0,71159.0,1154888.0,1229.0589,4049.0,0.09,3.08,561.0,101.33,1338.31
6/1/2011,94.172,95.7233,72.9204,9.1,418250,40.9,636.0,68347.0,1166558.0,1233.6241,4082.0,0.08,2.91,608.0,96.29,1287.29
7/1/2011,94.636,96.2966,73.3492,9.0,412600,40.9,621.0,69136.0,1171851.0,1244.3309,4143.1,0.1,2.93,623.0,97.19,1325.19
8/1/2011,95.2749,96.7709,73.6851,9.0,409500,40.8,647.0,79302.0,1180548.0,1263.0844,4212.6,0.11,2.2,585.0,86.33,1185.31
9/1/2011,95.1961,97.0115,73.8276,9.0,417750,40.9,610.0,70273.0,1172878.0,1269.5994,4212.4,0.14,1.9,650.0,85.61,1173.88
10/1/2011,95.8568,97.5264,74.1656,8.8,402400,40.9,671.0,73409.0,1187685.0,1280.3982,4224.0,0.17,2.08,610.0,86.41,1207.22
11/1/2011,95.8485,97.3319,73.9533,8.6,389250,41.0,706.0,76603.0,1183388.0,1293.2356,4238.9,0.13,1.93,711.0,97.21,1226.42
12/1/2011,96.3571,97.984,74.3759,8.5,377000,41.1,697.0,84355.0,1193759.0,1304.0391,4258.9,0.11,1.91,694.0,98.57,1243.32
1/1/2012,96.9318,98.8072,74.9205,8.3,377750,41.2,712.0,85537.0,1200818.0,1321.3179,4279.4,0.18,1.89,723.0,100.24,1300.58
2/1/2012,97.2435,99.2244,75.1535,8.3,363250,41.2,738.0,84945.0,1205143.0,1344.1778,4292.9,0.11,1.87,704.0,102.25,1352.49
3/1/2012,96.74,98.696,74.669,8.2,366600,41.1,806.0,78525.0,1204027.0,1350.492,4303.2,0.07,2.04,695.0,106.19,1389.24
4/1/2012,97.4359,99.1737,74.9465,8.2,381750,41.2,732.0,75741.0,1207954.0,1368.5956,4319.4,0.06,1.91,753.0,103.33,1386.43
5/1/2012,97.6609,98.8664,74.6333,8.2,373500,41.1,796.0,77485.0,1211617.0,1379.0397,4347.3,0.04,1.64,708.0,94.7,1341.27
6/1/2012,97.6663,99.1338,74.7583,8.2,379200,41.1,794.0,74631.0,1208240.0,1397.9731,4381.5,0.05,1.46,757.0,82.41,1323.48
7/1/2012,97.8713,98.9193,74.5256,8.2,372500,41.1,849.0,80356.0,1210539.0,1413.7811,4403.3,0.08,1.37,740.0,87.93,1359.78
8/1/2012,97.4525,98.7669,74.345,8.1,373250,40.9,840.0,64090.0,1209461.0,1425.6215,4408.6,0.06,1.55,754.0,94.16,1403.45
9/1/2012,97.381,98.5358,74.1108,7.8,381800,40.9,930.0,76988.0,1211283.0,1434.331,4422.4,0.03,1.58,847.0,94.72,1443.42
10/1/2012,97.7193,98.3774,73.9373,7.8,368500,41.0,887.0,79033.0,1206602.0,1449.5834,4439.1,0.03,1.59,915.0,89.57,1437.82
11/1/2012,98.0777,98.9519,74.3212,7.7,401250,41.0,917.0,73754.0,1228837.0,1457.5771,4476.4,0.05,1.49,833.0,86.66,1394.51
12/1/2012,98.3101,99.6106,74.7755,7.9,359000,41.2,941.0,80504.0,1233388.0,1474.5892,4529.9,0.01,1.56,976.0,88.25,1422.29
1/1/2013,98.3342,99.4046,74.589,8.0,353000,41.1,940.0,82032.0,1237216.0,1485.1014,4531.0,0.05,1.77,888.0,94.69,1480.4
2/1/2013,98.7941,99.8001,74.8632,7.7,353000,41.3,980.0,87927.0,1242279.0,1491.2673,4514.7,0.01,1.83,962.0,95.32,1512.31
3/1/2013,99.1921,99.6926,74.7698,7.5,351800,41.4,936.0,78439.0,1235591.0,1499.186,4551.6,0.01,1.82,1010.0,93.05,1550.83
4/1/2013,99.1065,99.4013,74.5484,7.6,347250,41.2,1012.0,81190.0,1233842.0,1507.451,4573.0,0.01,1.61,835.0,92.07,1570.7
5/1/2013,99.1839,99.6973,74.7765,7.5,347750,41.3,1003.0,91461.0,1247803.0,1510.4217,4585.8,0.03,1.82,930.0,94.8,1639.84
6/1/2013,99.3897,99.9426,74.9749,7.5,344600,41.2,942.0,97352.0,1243929.0,1521.7516,4599.5,0.05,2.21,839.0,95.8,1618.77
7/1/2013,99.0814,99.1551,74.4051,7.3,346000,41.2,997.0,78332.0,1244157.0,1531.8942,4607.3,0.05,2.49,880.0,104.61,1668.68
8/1/2013,99.6543,99.9992,75.0642,7.2,333400,41.3,964.0,78299.0,1249320.0,1533.0979,4621.2,0.04,2.66,917.0,106.57,1670.09
9/1/2013,100.161,100.0525,75.1341,7.2,314000,41.3,1004.0,88463.0,1253661.0,1540.0041,4645.3,0.03,2.73,850.0,106.29,1687.17
10/1/2013,100.082,100.2396,75.3083,7.2,358500,41.2,1044.0,82239.0,1260475.0,1549.6383,4696.0,0.03,2.53,925.0,100.54,1720.03
11/1/2013,100.3158,100.1921,75.3105,6.9,328200,41.4,1029.0,94201.0,1275801.0,1558.8509,4691.1,0.04,2.64,1100.0,93.86,1783.54
12/1/2013,100.5175,100.0085,75.2138,6.7,346000,41.1,1005.0,93967.0,1270949.0,1574.33,4706.4,0.05,2.81,1002.0,97.63,1807.78
1/1/2014,100.1599,98.9908,74.4928,6.6,326750,41.0,976.0,80222.0,1258055.0,1586.7954,4724.7,0.05,2.79,888.0,94.62,1822.36
2/1/2014,100.9168,99.8996,75.2268,6.7,335250,40.8,1039.0,75888.0,1268722.0,1619.7096,4747.4,0.06,2.64,944.0,100.82,1817.04
3/1/2014,101.8942,100.7536,75.9245,6.7,321000,41.5,1067.0,81126.0,1279006.0,1633.3176,4752.9,0.04,2.64,970.0,100.8,1863.52
4/1/2014,101.9928,100.7556,75.984,6.2,322750,41.3,1090.0,77992.0,1280443.0,1651.1911,4763.1,0.03,2.62,1043.0,102.07,1864.26
5/1/2014,102.3836,101.0175,76.2447,6.3,313800,41.4,1018.0,79766.0,1283964.0,1663.6926,4781.2,0.02,2.47,1007.0,102.18,1889.77
6/1/2014,102.735,101.3503,76.5649,6.1,313500,41.5,1010.0,80748.0,1283791.0,1676.8043,4798.2,0.01,2.5,911.0,105.79,1947.09
7/1/2014,102.9632,101.7996,76.9794,6.2,301750,41.5,1076.0,139551.0,1291656.0,1694.9147,4815.8,0.04,2.45,1085.0,103.59,1973.1
8/1/2014,102.7688,101.1851,76.5958,6.1,302000,41.5,1047.0,81621.0,1294102.0,1711.7561,4826.7,0.04,2.33,984.0,96.54,1961.53
9/1/2014,103.0641,101.1615,76.6653,5.9,295000,41.6,1077.0,81397.0,1293829.0,1725.7351,4843.8,0.03,2.44,1023.0,93.21,1993.23
10/1/2014,103.0764,101.0402,76.6657,5.7,288750,41.6,1094.0,75250.0,1295747.0,1730.8096,4875.8,0.03,2.21,1074.0,84.4,1937.27
11/1/2014,103.7126,101.7159,77.2751,5.8,291600,41.6,1059.0,77571.0,1298950.0,1751.6656,4902.2,0.04,2.24,1001.0,75.79,2044.57
12/1/2014,103.7044,101.4917,77.2028,5.6,284500,41.6,1072.0,72388.0,1306392.0,1773.178,4952.8,0.03,2.09,1073.0,59.29,2054.27
1/1/2015,102.8905,100.899,76.8495,5.7,287600,41.5,1049.0,74358.0,1308978.0,1791.5773,5021.5,0.05,1.77,1085.0,47.22,2028.18
2/1/2015,102.2335,100.1484,76.373,5.5,301250,41.4,1127.0,69635.0,1303724.0,1807.9304,5058.5,0.04,1.87,886.0,50.58,2082.2
3/1/2015,101.8914,100.5102,76.7408,5.4,284000,41.2,1072.0,75198.0,1310961.0,1833.4502,5044.1,0.03,1.93,960.0,47.82,2079.99
4/1/2015,101.3355,100.4975,76.8166,5.4,286000,41.2,1166.0,74359.0,1321167.0,1847.9368,5053.2,0.01,1.82,1190.0,54.45,2094.86
5/1/2015,100.8883,100.5334,76.921,5.6,274000,41.1,1272.0,66592.0,1307579.0,1863.5293,5048.2,0.03,2.08,1079.0,59.27,2111.94
6/1/2015,100.571,100.1515,76.6945,5.3,273750,41.2,1379.0,74493.0,1309833.0,1880.1555,5051.2,0.05,2.23,1205.0,59.82,2099.29
7/1/2015,101.2228,100.9173,77.3337,5.2,277750,41.2,1140.0,71572.0,1313431.0,1889.5042,5061.6,0.06,2.19,1146.0,50.9,2094.14
8/1/2015,101.0367,100.5828,77.1158,5.1,275200,41.3,1165.0,70552.0,1315072.0,1903.4103,5080.4,0.12,2.03,1130.0,42.87,2039.87
9/1/2015,100.7547,100.3031,76.926,5.0,269500,41.2,1144.0,64849.0,1327948.0,1915.348,5117.6,0.13,2.03,1224.0,45.48,1945.41
10/1/2015,100.2675,100.1589,76.827,5.0,267000,41.3,1160.0,74760.0,1325144.0,1930.1677,5134.2,0.13,1.95,1058.0,46.22,2071.18
11/1/2015,99.5298,99.8961,76.6246,5.1,268500,41.2,1244.0,69416.0,1322511.0,1946.3666,5166.4,0.18,2.14,1172.0,42.44,2080.62
12/1/2015,99.0417,99.634,76.4118,5.0,271000,41.3,1211.0,59983.0,1320606.0,1952.8521,5201.9,0.3,2.0,1146.0,37.19,2054.08
1/1/2016,99.5607,100.0334,76.6964,4.8,279600,41.4,1171.0,76295.0,1321509.0,1963.8478,5262.1,0.23,1.75,1092.0,31.68,1918.6
2/1/2016,99.0445,99.6927,76.4063,4.9,266750,41.1,1172.0,67281.0,1332078.0,1987.1478,5299.5,0.16,1.4,1225.0,30.32,1903.03
3/1/2016,98.3096,99.6262,76.3208,5.0,263250,41.0,1118.0,64049.0,1332612.0,2017.6235,5304.4,0.19,1.53,1111.0,37.55,2021.95
4/1/2016,98.6421,99.5238,76.2043,5.1,266000,41.1,1160.0,75917.0,1331387.0,2033.446,5317.2,0.18,1.44,1163.0,40.75,2075.54
5/1/2016,98.4184,99.4494,76.1095,4.8,274500,41.1,1205.0,74675.0,1323914.0,2048.1212,5332.6,0.2,1.44,1148.0,46.71,2065.55
6/1/2016,98.8833,99.6709,76.2442,4.9,265250,41.2,1208.0,61173.0,1331850.0,2050.7824,5343.0,0.17,1.26,1203.0,48.76,2083.89
7/1/2016,98.9992,99.7169,76.2506,4.8,259400,41.3,1198.0,67180.0,1330786.0,2057.7702,5368.3,0.23,1.11,1239.0,44.65,2148.9
8/1/2016,98.85,99.2901,75.904,4.9,263500,41.1,1201.0,65989.0,1340941.0,2051.3597,5393.4,0.33,1.16,1171.0,44.72,2177.48
9/1/2016,98.7457,99.4657,76.0291,5.0,251500,41.2,1303.0,66305.0,1342844.0,2070.3166,5404.3,0.35,1.23,1068.0,45.18,2157.69
10/1/2016,98.7611,99.5431,76.0921,4.9,255800,41.3,1254.0,81927.0,1344497.0,2086.261,5422.0,0.32,1.36,1313.0,49.78,2143.02
11/1/2016,98.3491,99.4371,76.0292,4.7,245750,41.3,1230.0,62923.0,1345017.0,2089.4401,5445.9,0.3,1.73,1140.0,45.66,2164.99
12/1/2016,99.0214,99.4441,76.0673,4.7,252200,41.1,1248.0,65468.0,1361415.0,2083.6422,5450.9,0.33,1.95,1252.0,51.97,2246.63
1/1/2017,98.7611,99.5844,76.2213,4.7,244000,41.1,1303.0,68586.0,1365202.0,2082.1871,5459.5,0.25,1.78,1190.0,52.5,2275.12
2/1/2017,98.3646,99.4561,76.1845,4.6,230250,41.2,1234.0,70753.0,1363025.0,2082.5725,5478.1,0.21,1.76,1271.0,53.47,2329.91
3/1/2017,99.0137,99.1188,75.9999,4.4,233750,41.0,1272.0,71783.0,1360169.0,2064.8393,5505.9,0.19,1.69,1190.0,49.33,2345.96
4/1/2017,100.0224,100.2837,76.9785,4.4,227800,41.2,1251.0,72548.0,1355381.0,2067.5158,5522.0,0.13,1.4,1146.0,51.06,2359.31
5/1/2017,100.1408,100.1405,76.962,4.4,239000,41.3,1208.0,70601.0,1360858.0,2071.7385,5547.6,0.14,1.39,1157.0,48.48,2395.35
6/1/2017,100.3471,100.2153,77.119,4.3,248000,41.3,1353.0,85817.0,1365370.0,2072.9162,5552.9,0.12,1.15,1249.0,45.18,2433.99
7/1/2017,100.1068,99.8212,76.9178,4.3,250800,41.2,1256.0,66068.0,1370870.0,2076.081,5574.4,0.07,1.17,1206.0,46.63,2454.1
8/1/2017,99.6925,99.6519,76.8894,4.4,247750,41.3,1319.0,68107.0,1378509.0,2084.0958,5577.2,0.09,1.05,1159.0,48.04,2456.22
9/1/2017,99.7954,99.6802,77.0102,4.3,272400,41.1,1273.0,75061.0,1385196.0,2102.9052,5568.5,0.1,1.05,1181.0,49.82,2492.84
10/1/2017,101.0247,100.7325,77.9179,4.2,242250,41.3,1356.0,72594.0,1393064.0,2112.9422,5588.2,0.11,1.21,1257.0,51.58,2557.0
11/1/2017,101.2664,100.786,78.0466,4.2,247750,41.5,1299.0,77182.0,1403474.0,2106.2299,5586.5,0.16,1.19,1273.0,56.64,2593.61
12/1/2017,101.4644,100.5294,77.9264,4.1,242600,41.2,1311.0,76982.0,1412747.0,2105.3574,5598.6,0.24,1.1,1177.0,57.88,2664.34
1/1/2018,101.4625,100.2213,77.7567,4.0,235250,41.1,1317.0,68859.0,1394188.0,2109.5759,5578.6,0.22,1.17,1299.0,63.7,2789.8
2/1/2018,101.7085,101.072,78.4742,4.1,221000,41.6,1321.0,73922.0,1401163.0,2112.0245,5578.1,0.36,1.44,1277.0,62.23,2705.16
3/1/2018,102.2067,100.9968,78.4626,4.0,225800,41.6,1385.0,79291.0,1398064.0,2123.2264,5599.8,0.57,1.33,1318.0,62.73,2702.77
4/1/2018,103.3329,101.6977,79.0447,4.0,221500,41.7,1378.0,75065.0,1398213.0,2167.1125,5592.4,0.51,1.18,1276.0,66.25,2653.63
5/1/2018,102.4024,100.8645,78.4247,3.8,221250,41.6,1338.0,75010.0,1408616.0,2173.6766,5602.0,0.46,1.28,1357.0,69.98,2701.49
6/1/2018,103.198,101.5122,78.9473,4.0,222600,41.6,1345.0,72127.0,1402036.0,2191.1233,5621.0,0.37,1.09,1192.0,67.87,2754.35
7/1/2018,103.3646,101.5927,79.0213,3.8,209500,41.6,1334.0,67765.0,1405164.0,2204.0928,5630.2,0.26,0.98,1208.0,70.98,2793.64
8/1/2018,104.0327,101.8312,79.2129,3.8,208500,41.4,1273.0,74270.0,1412014.0,2209.5556,5639.9,0.28,0.98,1288.0,68.06,2857.82
9/1/2018,104.1004,101.8767,79.2511,3.7,205200,41.2,1314.0,71722.0,1411531.0,2225.8849,5642.4,0.29,1.05,1250.0,70.23,2901.5
10/1/2018,103.9856,101.479,78.9436,3.8,213000,41.3,1272.0,69133.0,1406996.0,2250.5491,5634.0,0.18,0.96,1221.0,70.75,2785.46
11/1/2018,104.0681,101.2224,78.747,3.8,225250,41.2,1340.0,67146.0,1411645.0,2274.048,5645.6,0.36,0.92,1181.0,56.96,2723.23
12/1/2018,104.0936,101.5544,79.0103,3.9,224600,41.4,1317.0,72844.0,1408513.0,2303.6527,5689.9,0.42,0.56,1095.0,49.52,2567.31
1/1/2019,103.4021,100.6592,78.3218,4.0,222750,41.6,1254.0,70506.0,1411462.0,2325.3631,5719.7,0.19,0.31,1226.0,51.38,2607.39
2/1/2019,102.8371,100.0903,77.8923,3.8,222500,40.9,1286.0,64998.0,1408768.0,2332.0383,5716.4,0.09,0.28,1121.0,54.95,2754.86
3/1/2019,102.8757,99.8288,77.7067,3.8,211800,41.2,1295.0,71042.0,1405640.0,2337.5318,5712.6,0.07,0.17,1191.0,58.15,2803.98
4/1/2019,102.274,99.2058,77.2434,3.7,209750,41.1,1322.0,66680.0,1394958.0,2329.449,5702.3,0.05,0.11,1272.0,63.86,2903.8
5/1/2019,102.392,99.1939,77.2603,3.6,218500,41.0,1347.0,59800.0,1403604.0,2334.1018,5739.2,0.05,0.01,1293.0,60.83,2854.71
6/1/2019,102.4375,99.5968,77.6047,3.6,225200,41.2,1299.0,59188.0,1405269.0,2338.7658,5787.7,-0.08,-0.31,1243.0,54.66,2890.17
7/1/2019,101.9408,98.8863,77.0847,3.7,208500,40.9,1379.0,66079.0,1406165.0,2345.4666,5806.5,-0.18,-0.34,1240.0,57.35,2996.11
8/1/2019,102.639,99.5107,77.6077,3.6,211000,41.1,1482.0,63754.0,1409855.0,2363.8488,5832.9,-0.07,-0.49,1375.0,54.81,2897.5
9/1/2019,102.2917,98.7161,77.028,3.5,209500,41.3,1469.0,59428.0,1405353.0,2370.4403,5861.6,-0.01,-0.35,1311.0,56.95,2982.16
10/1/2019,101.4281,97.8893,76.426,3.6,212250,41.0,1523.0,62130.0,1389568.0,2370.4462,5898.0,0.05,-0.12,1325.0,53.96,2977.68
11/1/2019,101.9372,98.6639,77.0781,3.6,224400,40.9,1535.0,59182.0,1396759.0,2368.866,5923.9,0.22,0.26,1353.0,57.03,3104.9
12/1/2019,101.7003,98.7599,77.2042,3.6,236000,40.8,1443.0,54562.0,1390886.0,2357.6035,5934.2,0.21,0.31,1548.0,59.88,3176.75
1/1/2020,101.0338,98.4689,77.0311,3.6,215500,40.8,1495.0,70785.0,1386608.0,2353.8701,5949.3,0.1,0.21,1581.0,57.52,3278.2
2/1/2020,101.3735,98.644,77.2279,3.5,210200,40.9,1455.0,72063.0,1391224.0,2350.6023,5965.9,0.01,-0.08,1549.0,50.54,3277.31
3/1/2020,97.4078,94.1084,73.7382,4.4,2335250,40.7,1346.0,52513.0,1330719.0,2564.3082,6197.2,0.7,0.24,1266.0,29.21,2652.39
4/1/2020,84.5619,79.7713,62.5589,14.8,4663250,38.6,1076.0,52268.0,1177479.0,2920.8995,6641.9,,0.61,936.0,16.55,2761.98
5/1/2020,85.9604,83.193,65.3028,13.2,2173400,39.5,1250.0,60504.0,1276086.0,3035.7977,6979.2,0.12,0.62,1039.0,28.56,2919.62
6/1/2020,91.5934,89.6346,70.4285,11.0,1490250,39.8,1334.0,51627.0,1373101.0,2925.2981,7057.4,0.12,0.65,1266.0,38.31,3104.66
7/1/2020,95.0256,92.9127,73.0801,10.2,1383500,40.3,1546.0,58820.0,1411729.0,2856.1301,7082.5,0.09,0.53,1526.0,40.71,3207.62
8/1/2020,95.9549,94.3667,74.3046,8.4,922400,40.6,1533.0,62591.0,1413552.0,2815.0439,7081.7,0.05,0.56,1396.0,42.34,3391.71
9/1/2020,95.9669,94.4269,74.4348,7.8,851750,40.4,1636.0,67203.0,1419956.0,2759.992,7152.5,0.04,0.59,1473.0,39.63,3365.52
10/1/2020,96.7394,95.4115,75.295,6.9,795400,40.7,1613.0,69200.0,1432103.0,2698.3277,7203.1,0.03,0.7,1543.0,39.4,3418.7
11/1/2020,97.0816,95.8869,75.7534,6.7,751250,40.8,1703.0,68008.0,1431857.0,2637.2822,7274.1,0.07,0.78,1543.0,40.94,3548.99
12/1/2020,98.363,96.5885,76.3888,6.7,836750,40.9,1752.0,68688.0,1442553.0,2590.6251,7301.4,0.08,0.84,1614.0,47.02,3695.31
1/1/2021,98.8822,97.5015,77.1897,6.4,827800,41.1,1855.0,70147.0,1472712.0,2561.387,7371.1,0.05,0.99,1630.0,52.0,3793.75
2/1/2021,95.6149,93.569,74.1452,6.2,755000,40.4,1711.0,75267.0,1428248.0,2586.5954,7434.9,0.03,1.18,1404.0,59.04,3883.43
3/1/2021,98.3856,96.4528,76.4953,6.1,669250,41.1,1756.0,75028.0,1482801.0,2586.7795,7484.8,0.03,1.54,1696.0,62.33,3910.51
4/1/2021,98.5587,96.6118,76.6806,6.1,589000,41.1,1721.0,78374.0,1483733.0,2556.3543,7561.7,0.04,1.56,1495.0,61.72,4141.18
5/1/2021,99.4333,97.6204,77.5331,5.8,469200,40.9,1703.0,76444.0,1455876.0,2545.6238,7611.8,0.04,1.56,1589.0,65.17,4167.85
6/1/2021,99.7987,97.6096,77.5677,5.9,409750,40.6,1654.0,80605.0,1460523.0,2478.0379,7562.7,0.01,1.44,1650.0,71.38,4238.49
7/1/2021,100.2519,98.4822,78.295,5.4,370000,40.9,1658.0,75595.0,1465158.0,2450.3579,7584.9,0.0,1.22,1597.0,72.49,4363.71
8/1/2021,100.0437,97.9859,77.9251,5.1,360000,40.8,1736.0,82077.0,1451943.0,2428.3734,7630.0,0.01,1.19,1594.0,67.73,4454.21
9/1/2021,98.8579,96.83,77.0224,4.7,355500,41.2,1640.0,76387.0,1457262.0,2416.6678,7658.3,0.02,1.29,1577.0,71.65,4445.54
10/1/2021,100.1861,98.1777,78.1049,4.5,284800,40.7,1707.0,77225.0,1465891.0,2420.7405,7645.6,0.03,1.5,1579.0,81.48,4460.71
11/1/2021,100.8654,98.7305,78.5506,4.2,236500,41.1,1765.0,81608.0,1470618.0,2434.992,7645.2,0.06,1.48,1705.0,79.15,4667.39
12/1/2021,100.5726,98.5829,78.4351,3.9,216250,41.1,1919.0,81822.0,1467940.0,2473.1762,7646.2,0.09,1.38,1722.0,71.71,4674.77
1/1/2022,100.1856,97.7075,77.7378,4.0,237600,40.7,1920.0,88259.0,1485162.0,2486.9777,7640.4,0.14,1.68,1702.0,83.22,4573.82
2/1/2022,100.8064,98.2595,78.1748,3.8,219500,41.2,1857.0,82408.0,1472992.0,2499.0141,7621.4,0.3,1.85,1735.0,91.64,4435.98
3/1/2022,101.3907,98.7452,78.5575,3.7,215000,40.9,1868.0,80307.0,1470559.0,2538.9137,7556.1,0.53,1.93,1712.0,108.5,4391.27
4/1/2022,101.44,98.6657,78.4892,3.7,213200,40.8,1859.0,81641.0,1469438.0,2565.6296,7536.9,0.58,2.42,1820.0,101.78,4391.3
5/1/2022,101.3335,98.216,78.1251,3.6,210000,40.8,1704.0,80154.0,1450168.0,2610.2452,7446.2,0.56,2.14,1531.0,109.55,4040.36
6/1/2022,101.018,97.6698,77.6834,3.6,213500,40.6,1737.0,81613.0,1446858.0,2667.8801,7334.8,0.66,1.95,1551.0,114.84,3898.95
7/1/2022,101.223,97.7037,77.7019,3.5,218200,40.7,1703.0,84024.0,1452657.0,2699.2413,7337.7,0.82,1.25,1381.0,101.62,3911.73
8/1/2022,101.0963,97.6569,77.654,3.6,216500,40.6,1557.0,80526.0,1468234.0,2724.0968,7320.3,0.43,0.57,1531.0,93.67,4158.56
9/1/2022,101.2918,97.6859,77.6645,3.5,197750,40.6,1600.0,82902.0,1465161.0,2747.7509,7260.3,0.65,0.94,1488.0,84.26,3850.52
10/1/2022,101.2529,97.9436,77.8544,3.6,202400,40.7,1594.0,85554.0,1466963.0,2771.3899,7189.9,0.77,0.9,1435.0,87.55,3726.05
11/1/2022,100.9552,97.1654,77.2186,3.6,210750,40.5,1401.0,76708.0,1451828.0,2789.4296,7150.2,0.68,0.14,1424.0,84.37,3917.49
12/1/2022,99.7664,95.4905,75.8688,3.5,208000,40.3,1410.0,88042.0,1465472.0,2798.0126,7101.2,0.41,-0.47,1308.0,76.44,3912.38
1/1/2023,100.505,97.1426,77.1602,3.5,203500,40.9,1410.0,82799.0,1483458.0,2811.8455,7057.7,0.28,-0.8,1361.0,78.12,3960.66
2/1/2023,100.6416,97.1576,77.1498,3.6,215000,40.6,1618.0,78093.0,1471736.0,2806.7126,7026.9,0.17,-0.82,1399.0,76.83,4079.68
3/1/2023,101.0205,96.5084,76.6104,3.5,228750,40.4,1480.0,85117.0,1459513.0,2797.7693,6920.8,0.26,-0.99,1377.0,73.28,3968.56
4/1/2023,101.253,97.3384,77.2433,3.4,216600,40.6,1474.0,84951.0,1456995.0,2771.1747,6844.7,0.2,-1.37,1354.0,79.45,4121.47
5/1/2023,100.9286,97.1391,77.0575,3.6,226250,40.5,1575.0,90502.0,1472101.0,2766.5382,6857.9,0.09,-1.48,1584.0,71.58,4146.17
6/1/2023,100.1196,96.4579,76.4881,3.6,251750,40.5,1464.0,100227.0,1472700.0,2756.0047,6834.2,0.14,-1.33,1421.0,70.25,4345.37
7/1/2023,100.9067,96.7983,76.7273,3.5,234800,40.5,1522.0,89802.0,1482383.0,2754.9441,6819.1,0.23,-1.22,1460.0,76.07,4508.08
8/1/2023,100.8393,96.7471,76.6542,3.7,245000,40.6,1561.0,83833.0,1482238.0,2757.8898,6777.0,0.11,-1.16,1317.0,81.39,4457.36
9/1/2023,101.0211,96.8122,76.672,3.8,219000,40.5,1537.0,95592.0,1491541.0,2760.7657,6741.1,0.16,-0.95,1371.0,89.43,4409.1
10/1/2023,100.4689,96.3358,76.2599,3.9,210250,40.6,1528.0,84067.0,1490802.0,2771.2849,6724.2,0.13,-0.53,1368.0,85.64,4269.4
11/1/2023,100.8639,96.7233,76.5305,3.7,218000,40.7,1503.0,96486.0,1497859.0,2762.7932,6717.8,0.08,-0.83,1514.0,77.69,4460.06
12/1/2023,100.6031,96.6742,76.4545,3.8,207400,40.4,1519.0,102456.0,1508602.0,2760.5765,6705.2,-0.01,-1.31,1521.0,71.9,4685.05
1/1/2024,99.2223,95.2438,75.2859,3.7,210000,40.0,1545.0,76647.0,1492936.0,2758.8422,6705.5,-0.07,-1.27,1381.0,74.15,4815.61
2/1/2024,100.285,96.4671,76.2145,3.9,210750,40.4,1577.0,80900.0,1494481.0,2766.1043,6707.3,-0.11,-1.12,1552.0,77.25,5011.96
3/1/2024,100.4575,96.5844,76.2676,3.9,215000,40.6,1476.0,84316.0,1491307.0,2751.3685,6696.7,-0.04,-1.12,1312.0,81.28,5170.57
4/1/2024,100.2434,96.0498,75.805,3.9,210250,40.3,1459.0,80888.0,1490484.0,2749.3007,6686.2,0.0,-0.79,1385.0,85.35,5112.49
5/1/2024,100.863,96.5942,76.1923,4.0,222000,40.7,1407.0,79432.0,1503122.0,2758.6487,6702.9,0.0,-0.85,1316.0,80.02,5235.23
6/1/2024,100.894,96.4141,76.006,4.1,235600,40.7,1461.0,74383.0,1506650.0,2765.494,6723.4,-0.05,-1.02,1327.0,79.77,5415.14
7/1/2024,99.9757,95.6284,75.3409,4.2,236500,40.5,1436.0,87240.0,1519102.0,2760.4084,6724.0,-0.02,-1.08,1265.0,81.8,5538.0
8/1/2024,100.4309,96.0784,75.6471,4.2,230800,40.5,1476.0,83538.0,1518385.0,2766.513,6739.5,-0.21,-1.46,1391.0,76.68,5478.21
9/1/2024,99.8084,95.5692,75.1957,4.1,225000,40.6,1434.0,83534.0,1530455.0,2777.8983,6751.6,-0.27,-1.41,1357.0,70.24,5621.26
10/1/2024,99.4695,94.9225,74.6339,4.1,236250,40.5,1428.0,83598.0,1526325.0,2784.7129,6752.4,-0.21,-0.73,1352.0,71.99,5792.32
11/1/2024,99.2925,95.1212,74.7343,4.2,219400,40.5,1508.0,82164.0,1535297.0,2787.6576,6765.1,-0.11,-0.29,1295.0,69.95,5929.92
12/1/2024,100.3273,95.4862,74.9627,4.1,222250,40.5,1480.0,83501.0,1547485.0,2765.6419,6745.7,-0.02,-0.09,1514.0,70.12,6010.91
1/1/2025,100.0647,95.1428,74.6327,4.0,213500,40.5,1460.0,87026.0,1531801.0,2664.2775,6735.6,0.0,0.3,1358.0,75.74,5979.52
2/1/2025,101.0993,96.3589,75.523,4.1,226000,40.6,1454.0,84840.0,1542684.0,2671.3101,6743.7,0.01,0.12,1490.0,71.53,6038.69
3/1/2025,101.0404,96.7773,75.785,4.2,223200,40.8,1481.0,107940.0,1563633.0,2675.2916,6769.6,-0.04,-0.05,1355.0,68.24,5683.98
4/1/2025,101.1279,96.6636,75.6285,4.2,226000,40.7,1422.0,87169.0,1555663.0,2668.9812,6796.5,-0.01,-0.05,1398.0,63.54,5369.5
5/1/2025,100.9655,96.5469,75.468,4.2,234000,40.7,1394.0,130657.0,1550522.0,2679.5484,6808.8,-0.04,0.09,1282.0,62.17,5810.92
6/1/2025,101.4785,96.8561,75.6385,4.1,241250,40.6,1393.0,98835.0,1556845.0,2685.3006,6825.0,-0.02,0.05,1382.0,68.17,6029.95
7/1/2025,101.8738,97.249,75.8731,4.2,221250,40.7,1362.0,90299.0,1565917.0,2674.3188,6838.4,-0.05,0.06,1429.0,68.39,6296.5
8/1/2025,101.6019,97.2716,75.8175,4.3,230000,40.7,1330.0,94843.0,1562592.0,2685.1565,6837.0,-0.11,-0.07,1307.0,64.86,6408.95
9/1/2025,101.6729,97.2989,75.7648,4.4,234750,40.7,,93905.0,1551287.0,2693.7764,6847.9,-0.12,-0.11,,63.96,6584.02
10/1/2025,101.616,96.9384,75.4096,,226750,40.6,,89793.0,,2692.519,,-0.11,-0.02,,60.89,6735.69
11/1/2025,101.7935,96.9756,75.3636,4.6,217600,40.8,,,,2698.5803,6867.8,-0.02,0.21,,60.06,6740.89
