origin_idx,origin_date,forecast_date,forecast_logdiff,actual_logdiff,0,1,2,3,4,5,6,7,8,9,10,11,12,13,14,15,16,17,18
100,1976-06-01,1976-07-01,-0.000427370195314007,0.0056794493189409,RMSE_full,MAE_full,HitRate_full,RMSE_pre-GFC,MAE_pre-GFC,HitRate_pre-GFC,RMSE_GFC,MAE_GFC,HitRate_GFC,RMSE_post-GFC/pre-COVID,MAE_post-GFC/pre-COVID,HitRate_post-GFC/pre-COVID,RMSE_COVID,MAE_COVID,HitRate_COVID,RMSE_post-COVID,MAE_post-COVID,HitRate_post-COVID,Time elapsed [s]
101,1976-07-01,1976-08-01,0.00030078409453767154,0.006854351585718,0.009515331801553806,0.005245484593155946,0.6514382402707276,0.006371536854116442,0.004704529784184724,0.67828418230563,0.012505209303710052,0.007873184150038732,0.8260869565217391,0.004918131058962644,0.003914056103572905,0.609375,0.02837930324521803,0.013677248341397085,0.5526315789473685,0.006074610604246821,0.00494737694389483,0.4827586206896552,110.09
102,1976-08-01,1976-09-01,0.0032939515436465525,0.0034510513529513,NAIVE_RMSE_full,NAIVE_MAE_full,NAIVE_HitRate_full,NAIVE_RMSE_pre-GFC,NAIVE_MAE_pre-GFC,NAIVE_HitRate_pre-GFC,NAIVE_RMSE_GFC,NAIVE_MAE_GFC,NAIVE_HitRate_GFC,NAIVE_RMSE_post-GFC/pre-COVID,NAIVE_MAE_post-GFC/pre-COVID,NAIVE_HitRate_post-GFC/pre-COVID,NAIVE_RMSE_COVID,NAIVE_MAE_COVID,NAIVE_HitRate_COVID,NAIVE_RMSE_post-COVID,NAIVE_MAE_post-COVID,NAIVE_HitRate_post-COVID,
103,1976-09-01,1976-10-01,0.003367905394888199,-0.0003044869306836,0.009758604539207596,0.005670520962698502,0.0,0.006742664968084927,0.0052486934455759585,0.0,0.014221643587282937,0.009628664559958942,0.0,0.005088008511139036,0.004129516666313324,0.0,0.028277546127060554,0.013457583622320269,0.0,0.005789977074515499,0.0045548151013672855,0.0,
104,1976-10-01,1976-11-01,0.0031787537862255338,0.0151273417142681,,,,,,,,,,,,,,,,,,,
105,1976-11-01,1976-12-01,0.006286686369387999,0.0107538061144394,,,,,,,,,,,,,,,,,,,
106,1976-12-01,1977-01-01,0.004141928448628825,-0.0070222901040648,,,,,,,,,,,,,,,,,,,
107,1977-01-01,1977-02-01,-0.0030785753371512536,0.0156756690486763,,,,,,,,,,,,,,,,,,,
108,1977-02-01,1977-03-01,0.009154580611290791,0.0126992384400579,,,,,,,,,,,,,,,,,,,
109,1977-03-01,1977-04-01,0.004832712464695637,0.0095635721668867,,,,,,,,,,,,,,,,,,,
110,1977-04-01,1977-05-01,0.003849385076246667,0.0078538379353396,,,,,,,,,,,,,,,,,,,
111,1977-05-01,1977-06-01,0.007356372014945798,0.007746814316869,,,,,,,,,,,,,,,,,,,
112,1977-06-01,1977-07-01,0.00414390398335826,0.0012780405675312,,,,,,,,,,,,,,,,,,,
113,1977-07-01,1977-08-01,0.004295910045313234,0.0009875927970335,,,,,,,,,,,,,,,,,,,
114,1977-08-01,1977-09-01,0.003263600640270773,0.0041145067243357,,,,,,,,,,,,,,,,,,,
115,1977-09-01,1977-10-01,-0.00035037760216419505,0.0014104608050469,,,,,,,,,,,,,,,,,,,
116,1977-10-01,1977-11-01,0.0015990710139878318,0.0018376437087685,,,,,,,,,,,,,,,,,,,
117,1977-11-01,1977-12-01,0.00121007693804392,0.0017889719215924,,,,,,,,,,,,,,,,,,,
118,1977-12-01,1978-01-01,0.005062342771287573,-0.0148284552105955,,,,,,,,,,,,,,,,,,,
119,1978-01-01,1978-02-01,-0.005381432993584392,0.0053422393279238,,,,,,,,,,,,,,,,,,,
120,1978-02-01,1978-03-01,0.0043504917955554424,0.0189873192292036,,,,,,,,,,,,,,,,,,,
121,1978-03-01,1978-04-01,0.007600654859572438,0.0200739523307373,,,,,,,,,,,,,,,,,,,
122,1978-04-01,1978-05-01,0.009537111094260656,0.0046552251817142,,,,,,,,,,,,,,,,,,,
123,1978-05-01,1978-06-01,0.007715797748722324,0.0064680725447341,,,,,,,,,,,,,,,,,,,
124,1978-06-01,1978-07-01,0.011968120384038366,-0.0008247749395784,,,,,,,,,,,,,,,,,,,
125,1978-07-01,1978-08-01,0.003919826773967584,0.0040954125102032,,,,,,,,,,,,,,,,,,,
126,1978-08-01,1978-09-01,0.004468657534340107,0.0025309942048967,,,,,,,,,,,,,,,,,,,
127,1978-09-01,1978-10-01,-0.003949483389950383,0.0074708832622936,,,,,,,,,,,,,,,,,,,
128,1978-10-01,1978-11-01,0.0007274686695470487,0.0076865673724948,,,,,,,,,,,,,,,,,,,
129,1978-11-01,1978-12-01,0.003375708947209817,0.0049748848264123,,,,,,,,,,,,,,,,,,,
130,1978-12-01,1979-01-01,0.008320247530296475,-0.005431898444077,,,,,,,,,,,,,,,,,,,
131,1979-01-01,1979-02-01,0.0017433160611805285,0.0047805468665731,,,,,,,,,,,,,,,,,,,
132,1979-02-01,1979-03-01,0.0049662752570525165,0.0032602093161364,,,,,,,,,,,,,,,,,,,
133,1979-03-01,1979-04-01,0.000988961577188495,-0.0120874549161809,,,,,,,,,,,,,,,,,,,
134,1979-04-01,1979-05-01,-0.0044376883629048194,0.0090277066611546,,,,,,,,,,,,,,,,,,,
135,1979-05-01,1979-06-01,0.004290432595985803,0.0002100554920372,,,,,,,,,,,,,,,,,,,
136,1979-06-01,1979-07-01,0.0011480589713421011,-0.001673960096288,,,,,,,,,,,,,,,,,,,
137,1979-07-01,1979-08-01,0.0010826447505174928,-0.0066093633100501,,,,,,,,,,,,,,,,,,,
138,1979-08-01,1979-09-01,0.0010517020879758621,-0.0001690500460171,,,,,,,,,,,,,,,,,,,
139,1979-09-01,1979-10-01,-0.0017102391891509832,0.0072357520580763,,,,,,,,,,,,,,,,,,,
140,1979-10-01,1979-11-01,0.00429008364716066,-0.0015503953910003,,,,,,,,,,,,,,,,,,,
141,1979-11-01,1979-12-01,0.0006603775355420601,0.0006702665574493,,,,,,,,,,,,,,,,,,,
142,1979-12-01,1980-01-01,0.00036813885418916824,0.0053940357465207,,,,,,,,,,,,,,,,,,,
143,1980-01-01,1980-02-01,0.0049052663643713995,0.0002707635837602,,,,,,,,,,,,,,,,,,,
144,1980-02-01,1980-03-01,-0.0001178426333948851,-0.0040788112574068,,,,,,,,,,,,,,,,,,,
145,1980-03-01,1980-04-01,0.0015610723272653077,-0.0200630429249257,,,,,,,,,,,,,,,,,,,
146,1980-04-01,1980-05-01,-0.006508039259345878,-0.0249085104965822,,,,,,,,,,,,,,,,,,,
147,1980-05-01,1980-06-01,-0.010657429153446115,-0.0130064388579431,,,,,,,,,,,,,,,,,,,
148,1980-06-01,1980-07-01,-0.009220006560748605,-0.0070588214834401,,,,,,,,,,,,,,,,,,,
149,1980-07-01,1980-08-01,-0.0082560649513174,0.0031306452630932,,,,,,,,,,,,,,,,,,,
150,1980-08-01,1980-09-01,-0.0017427273237774804,0.0163657788171902,,,,,,,,,,,,,,,,,,,
151,1980-09-01,1980-10-01,0.007488299776961223,0.0126315442892757,,,,,,,,,,,,,,,,,,,
152,1980-10-01,1980-11-01,0.008536295289767886,0.0166035078210593,,,,,,,,,,,,,,,,,,,
153,1980-11-01,1980-12-01,0.014352530854847431,0.0066346668586829,,,,,,,,,,,,,,,,,,,
154,1980-12-01,1981-01-01,0.004177124770720037,-0.0064308903302907,,,,,,,,,,,,,,,,,,,
155,1981-01-01,1981-02-01,-0.005201742221184713,-0.0042703433551958,,,,,,,,,,,,,,,,,,,
156,1981-02-01,1981-03-01,-0.004029772755052436,0.0050752464528769,,,,,,,,,,,,,,,,,,,
157,1981-03-01,1981-04-01,-3.4762949677316635e-05,-0.0044064948298339,,,,,,,,,,,,,,,,,,,
158,1981-04-01,1981-05-01,-0.0024958413410662407,0.0057152815915175,,,,,,,,,,,,,,,,,,,
159,1981-05-01,1981-06-01,0.00797100067107536,0.005081934033587,,,,,,,,,,,,,,,,,,,
160,1981-06-01,1981-07-01,0.005185340773055623,0.0065337407155321,,,,,,,,,,,,,,,,,,,
161,1981-07-01,1981-08-01,0.0063128391977056286,-0.0012472241215277,,,,,,,,,,,,,,,,,,,
162,1981-08-01,1981-09-01,0.001603390134005499,-0.0048275681612497,,,,,,,,,,,,,,,,,,,
163,1981-09-01,1981-10-01,-0.0018811763992912464,-0.0079171382626155,,,,,,,,,,,,,,,,,,,
164,1981-10-01,1981-11-01,-0.004816573728009927,-0.0116910828757204,,,,,,,,,,,,,,,,,,,
165,1981-11-01,1981-12-01,-0.005786796969093433,-0.0106904281928961,,,,,,,,,,,,,,,,,,,
166,1981-12-01,1982-01-01,-0.005810228798039661,-0.0208619331800021,,,,,,,,,,,,,,,,,,,
167,1982-01-01,1982-02-01,-0.00877588844938289,0.0201582605211254,,,,,,,,,,,,,,,,,,,
168,1982-02-01,1982-03-01,0.010055642240918419,-0.0066662956298908,,,,,,,,,,,,,,,,,,,
169,1982-03-01,1982-04-01,0.0007153345797695802,-0.00927524186261,,,,,,,,,,,,,,,,,,,
170,1982-04-01,1982-05-01,-0.0023854145961352225,-0.0066794151215754,,,,,,,,,,,,,,,,,,,
171,1982-05-01,1982-06-01,-0.0002175070975572054,-0.0026065618328554,,,,,,,,,,,,,,,,,,,
172,1982-06-01,1982-07-01,-0.004264867580872475,-0.0032920314435886,,,,,,,,,,,,,,,,,,,
173,1982-07-01,1982-08-01,-0.0064682396394558726,-0.0091708008352875,,,,,,,,,,,,,,,,,,,
174,1982-08-01,1982-09-01,-0.0021546362431244673,-0.0024687251904382,,,,,,,,,,,,,,,,,,,
175,1982-09-01,1982-10-01,-0.006232691833821526,-0.0097275827660441,,,,,,,,,,,,,,,,,,,
176,1982-10-01,1982-11-01,-0.00022566289156792318,-0.0032538001112216,,,,,,,,,,,,,,,,,,,
177,1982-11-01,1982-12-01,-0.003382869185766655,-0.0070995665994071,,,,,,,,,,,,,,,,,,,
178,1982-12-01,1983-01-01,-0.0016468119085216377,0.0184638031987667,,,,,,,,,,,,,,,,,,,
179,1983-01-01,1983-02-01,0.0026243571214427577,-0.0062949423731928,,,,,,,,,,,,,,,,,,,
180,1983-02-01,1983-03-01,-0.0034355632078922464,0.0084046522038421,,,,,,,,,,,,,,,,,,,
181,1983-03-01,1983-04-01,0.003951776186425584,0.012580060260646,,,,,,,,,,,,,,,,,,,
182,1983-04-01,1983-05-01,0.005863950445844319,0.0060151175148983,,,,,,,,,,,,,,,,,,,
183,1983-05-01,1983-06-01,0.004629550396306314,0.0061074098253901,,,,,,,,,,,,,,,,,,,
184,1983-06-01,1983-07-01,0.0006112407019883243,0.0147834120886369,,,,,,,,,,,,,,,,,,,
185,1983-07-01,1983-08-01,0.011458747566598685,0.0117589882838116,,,,,,,,,,,,,,,,,,,
186,1983-08-01,1983-09-01,0.001932534668890396,0.0144399949384292,,,,,,,,,,,,,,,,,,,
187,1983-09-01,1983-10-01,0.014263971297033596,0.0076167819842005,,,,,,,,,,,,,,,,,,,
188,1983-10-01,1983-11-01,0.00448957463444891,0.00445010147308,,,,,,,,,,,,,,,,,,,
189,1983-11-01,1983-12-01,0.008331818291950902,0.0050087386761155,,,,,,,,,,,,,,,,,,,
190,1983-12-01,1984-01-01,0.002037224937611928,0.0197633049245928,,,,,,,,,,,,,,,,,,,
191,1984-01-01,1984-02-01,0.011593106686602416,0.0043840968911044,,,,,,,,,,,,,,,,,,,
192,1984-02-01,1984-03-01,0.0033024135984093027,0.0048838204638044,,,,,,,,,,,,,,,,,,,
193,1984-03-01,1984-04-01,0.004870819604455764,0.0058993928473447,,,,,,,,,,,,,,,,,,,
194,1984-04-01,1984-05-01,0.005672864921033949,0.0054128883111812,,,,,,,,,,,,,,,,,,,
195,1984-05-01,1984-06-01,0.005045987779588206,0.0036610110501089,,,,,,,,,,,,,,,,,,,
196,1984-06-01,1984-07-01,0.0018789611767357124,0.0027663195051639,,,,,,,,,,,,,,,,,,,
197,1984-07-01,1984-08-01,0.003611958821676903,0.0010296775197859,,,,,,,,,,,,,,,,,,,
198,1984-08-01,1984-09-01,-0.00047663665287499637,-0.0029654810283661,,,,,,,,,,,,,,,,,,,
199,1984-09-01,1984-10-01,0.001565701892220446,-0.0001102057910582,,,,,,,,,,,,,,,,,,,
200,1984-10-01,1984-11-01,0.00012189552322653839,0.0033631475816369,,,,,,,,,,,,,,,,,,,
201,1984-11-01,1984-12-01,0.0024487666304214314,0.0003221507986452,,,,,,,,,,,,,,,,,,,
202,1984-12-01,1985-01-01,-0.0008670419551945875,-0.0001720449004833,,,,,,,,,,,,,,,,,,,
203,1985-01-01,1985-02-01,0.0008143013857116726,0.0027473473772294,,,,,,,,,,,,,,,,,,,
204,1985-02-01,1985-03-01,0.0017928290212823365,0.0015102905072197,,,,,,,,,,,,,,,,,,,
205,1985-03-01,1985-04-01,0.0006282008401899955,-0.0021786103468643,,,,,,,,,,,,,,,,,,,
206,1985-04-01,1985-05-01,-0.0006400351738427941,0.0014529341416293,,,,,,,,,,,,,,,,,,,
207,1985-05-01,1985-06-01,0.00031346295999682924,-0.0004852934296026,,,,,,,,,,,,,,,,,,,
208,1985-06-01,1985-07-01,0.0002528897441822506,-0.0047430774359953,,,,,,,,,,,,,,,,,,,
209,1985-07-01,1985-08-01,-0.0011140332763558288,0.0030372094955404,,,,,,,,,,,,,,,,,,,
210,1985-08-01,1985-09-01,0.00224320524337026,0.0033778606355214,,,,,,,,,,,,,,,,,,,
211,1985-09-01,1985-10-01,0.0019026082496962264,-0.0031146676276252,,,,,,,,,,,,,,,,,,,
212,1985-10-01,1985-11-01,-0.00013764029258904204,0.0035117423940054,,,,,,,,,,,,,,,,,,,
213,1985-11-01,1985-12-01,0.0030787549148876196,0.0095838114477926,,,,,,,,,,,,,,,,,,,
214,1985-12-01,1986-01-01,0.00415817029917061,0.0055203293729357,,,,,,,,,,,,,,,,,,,
215,1986-01-01,1986-02-01,0.003641520688588129,-0.0070438228714575,,,,,,,,,,,,,,,,,,,
216,1986-02-01,1986-03-01,-0.0004508291329226857,-0.0071483716635922,,,,,,,,,,,,,,,,,,,
217,1986-03-01,1986-04-01,-0.0021092993564737713,0.0014326780252771,,,,,,,,,,,,,,,,,,,
218,1986-04-01,1986-05-01,-0.00012115660012198323,0.0014759828720576,,,,,,,,,,,,,,,,,,,
219,1986-05-01,1986-06-01,-0.0002013914541346977,-0.0040373394621271,,,,,,,,,,,,,,,,,,,
220,1986-06-01,1986-07-01,-0.0003612641035539697,0.0065123864306064,,,,,,,,,,,,,,,,,,,
221,1986-07-01,1986-08-01,0.004611577831867687,-0.0018566171981273,,,,,,,,,,,,,,,,,,,
222,1986-08-01,1986-09-01,0.00019560057358371328,0.0025494743751623,,,,,,,,,,,,,,,,,,,
223,1986-09-01,1986-10-01,0.002821808550431157,0.0042533405515881,,,,,,,,,,,,,,,,,,,
224,1986-10-01,1986-11-01,0.0022644647927080445,0.0039986071649558,,,,,,,,,,,,,,,,,,,
225,1986-11-01,1986-12-01,0.00023720402742593845,0.0094395391395245,,,,,,,,,,,,,,,,,,,
226,1986-12-01,1987-01-01,0.00467426437118223,-0.0034937346824053,,,,,,,,,,,,,,,,,,,
227,1987-01-01,1987-02-01,0.001372062930714338,0.0130949117680598,,,,,,,,,,,,,,,,,,,
228,1987-02-01,1987-03-01,0.006510756064373621,0.0014471947964986,,,,,,,,,,,,,,,,,,,
229,1987-03-01,1987-04-01,0.0031769525081016036,0.0063111142311358,,,,,,,,,,,,,,,,,,,
230,1987-04-01,1987-05-01,0.00228492826949141,0.0063027667626691,,,,,,,,,,,,,,,,,,,
231,1987-05-01,1987-06-01,0.0060489613776159926,0.0051660293028339,,,,,,,,,,,,,,,,,,,
232,1987-06-01,1987-07-01,0.0034400367454671416,0.0067970654739664,,,,,,,,,,,,,,,,,,,
233,1987-07-01,1987-08-01,0.003265108957054984,0.0074780815378376,,,,,,,,,,,,,,,,,,,
234,1987-08-01,1987-09-01,0.007206862252512537,0.0039317740129067,,,,,,,,,,,,,,,,,,,
235,1987-09-01,1987-10-01,0.001155612087050659,0.0132334951092074,,,,,,,,,,,,,,,,,,,
236,1987-10-01,1987-11-01,0.008714508908464692,0.0048659460435285,,,,,,,,,,,,,,,,,,,
237,1987-11-01,1987-12-01,0.0035239982108739975,0.005592546578943,,,,,,,,,,,,,,,,,,,
238,1987-12-01,1988-01-01,0.004688744591645356,-0.0001970082890574,,,,,,,,,,,,,,,,,,,
239,1988-01-01,1988-02-01,0.0016121247314593353,0.0049992713406421,,,,,,,,,,,,,,,,,,,
240,1988-02-01,1988-03-01,0.003242943558863535,0.0024648224249466,,,,,,,,,,,,,,,,,,,
241,1988-03-01,1988-04-01,0.001885163527548312,0.0057843790126419,,,,,,,,,,,,,,,,,,,
242,1988-04-01,1988-05-01,0.0037999623523418064,-0.0020182730831876,,,,,,,,,,,,,,,,,,,
243,1988-05-01,1988-06-01,0.00042335958424966394,0.0028969273941674,,,,,,,,,,,,,,,,,,,
244,1988-06-01,1988-07-01,0.002816566719267898,0.0001469114322585,,,,,,,,,,,,,,,,,,,
245,1988-07-01,1988-08-01,0.000840878260922549,0.0050016792782372,,,,,,,,,,,,,,,,,,,
246,1988-08-01,1988-09-01,0.002738662721571398,-0.0031296333588732,,,,,,,,,,,,,,,,,,,
247,1988-09-01,1988-10-01,-0.0007112421983579763,0.0043015363906127,,,,,,,,,,,,,,,,,,,
248,1988-10-01,1988-11-01,0.0023856346778082984,0.0024157555877204,,,,,,,,,,,,,,,,,,,
249,1988-11-01,1988-12-01,0.0020270756283499594,0.004519309178077,,,,,,,,,,,,,,,,,,,
250,1988-12-01,1989-01-01,0.0032324335071331153,0.002945349132478,,,,,,,,,,,,,,,,,,,
251,1989-01-01,1989-02-01,0.002771849484759174,-0.0044349968419306,,,,,,,,,,,,,,,,,,,
252,1989-02-01,1989-03-01,8.647899220660688e-05,0.0024976084295813,,,,,,,,,,,,,,,,,,,
253,1989-03-01,1989-04-01,0.0008799136031129801,-0.0001496807216438,,,,,,,,,,,,,,,,,,,
254,1989-04-01,1989-05-01,0.0014031892747160928,-0.00570129548713,,,,,,,,,,,,,,,,,,,
255,1989-05-01,1989-06-01,-0.0021155191823474606,-7.60861911217603e-05,,,,,,,,,,,,,,,,,,,
256,1989-06-01,1989-07-01,0.001362890382112466,-0.0096939596892555,,,,,,,,,,,,,,,,,,,
257,1989-07-01,1989-08-01,-0.0033674046011550277,0.0097506201691528,,,,,,,,,,,,,,,,,,,
258,1989-08-01,1989-09-01,0.0029631757033668996,-0.0031389665895469,,,,,,,,,,,,,,,,,,,
259,1989-09-01,1989-10-01,0.0005866749161339308,-0.0013487581284179,,,,,,,,,,,,,,,,,,,
260,1989-10-01,1989-11-01,-0.00039673696550521697,0.0033733524412147,,,,,,,,,,,,,,,,,,,
261,1989-11-01,1989-12-01,0.002565175848079908,0.0054692282901092,,,,,,,,,,,,,,,,,,,
262,1989-12-01,1990-01-01,0.0019480212523887218,-0.0050706327669249,,,,,,,,,,,,,,,,,,,
263,1990-01-01,1990-02-01,-6.837877545917692e-05,0.0090406409731595,,,,,,,,,,,,,,,,,,,
264,1990-02-01,1990-03-01,0.003457135027293089,0.0049692029917487,,,,,,,,,,,,,,,,,,,
265,1990-03-01,1990-04-01,0.0027611046930119416,-0.0026232502058824,,,,,,,,,,,,,,,,,,,
266,1990-04-01,1990-05-01,0.0020857276659655573,0.003036903319729,,,,,,,,,,,,,,,,,,,
267,1990-05-01,1990-06-01,0.0027945655453705145,0.0033858350269504,,,,,,,,,,,,,,,,,,,
268,1990-06-01,1990-07-01,0.002850847205403676,-0.0017488731555337,,,,,,,,,,,,,,,,,,,
269,1990-07-01,1990-08-01,-0.0003022752899546413,0.0034867499970046,,,,,,,,,,,,,,,,,,,
270,1990-08-01,1990-09-01,0.0034043706645455335,7.625111401843299e-05,,,,,,,,,,,,,,,,,,,
271,1990-09-01,1990-10-01,0.0011186361870939238,-0.0058596531436769,,,,,,,,,,,,,,,,,,,
272,1990-10-01,1990-11-01,-0.0005086682566614042,-0.0127971437648062,,,,,,,,,,,,,,,,,,,
273,1990-11-01,1990-12-01,-0.0037967844175645035,-0.0073665965881337,,,,,,,,,,,,,,,,,,,
274,1990-12-01,1991-01-01,-0.0040300879130683595,-0.0032611910765636,,,,,,,,,,,,,,,,,,,
275,1991-01-01,1991-02-01,-0.0036310877975958846,-0.0074159360650281,,,,,,,,,,,,,,,,,,,
276,1991-02-01,1991-03-01,-0.0033669032932926763,-0.0057710392662917,,,,,,,,,,,,,,,,,,,
277,1991-03-01,1991-04-01,-0.0015283660453412236,0.0026351435941132,,,,,,,,,,,,,,,,,,,
278,1991-04-01,1991-05-01,0.0005994105996973264,0.0093701506011978,,,,,,,,,,,,,,,,,,,
279,1991-05-01,1991-06-01,0.0029836597162050133,0.0080704132490545,,,,,,,,,,,,,,,,,,,
280,1991-06-01,1991-07-01,0.004690144093653393,0.0027966918655684,,,,,,,,,,,,,,,,,,,
281,1991-07-01,1991-08-01,0.0028587022838278586,-1.1339677612909329e-05,,,,,,,,,,,,,,,,,,,
282,1991-08-01,1991-09-01,0.001605559111387346,0.0079016589511224,,,,,,,,,,,,,,,,,,,
283,1991-09-01,1991-10-01,0.003567741252874522,-0.0005466018382946,,,,,,,,,,,,,,,,,,,
284,1991-10-01,1991-11-01,0.0011751607574836877,-0.0015836157055426,,,,,,,,,,,,,,,,,,,
285,1991-11-01,1991-12-01,0.0008179111888460544,-0.0048743843095229,,,,,,,,,,,,,,,,,,,
286,1991-12-01,1992-01-01,0.0004099243425985783,-0.0052512640267554,,,,,,,,,,,,,,,,,,,
287,1992-01-01,1992-02-01,-0.0008669899120888492,0.0070348895922904,,,,,,,,,,,,,,,,,,,
288,1992-02-01,1992-03-01,0.0032306824733193285,0.0084895220004987,,,,,,,,,,,,,,,,,,,
289,1992-03-01,1992-04-01,0.003774368916182103,0.0075614666667966,,,,,,,,,,,,,,,,,,,
290,1992-04-01,1992-05-01,0.0045998420426371835,0.0032856911647831,,,,,,,,,,,,,,,,,,,
291,1992-05-01,1992-06-01,0.004916337967235464,0.0005117224959834,,,,,,,,,,,,,,,,,,,
292,1992-06-01,1992-07-01,0.0020578710876563524,0.0091649380729315,,,,,,,,,,,,,,,,,,,
293,1992-07-01,1992-08-01,0.0038742536722693012,-0.0056075545766312,,,,,,,,,,,,,,,,,,,
294,1992-08-01,1992-09-01,-0.0014248627960974842,0.0032931151719015,,,,,,,,,,,,,,,,,,,
295,1992-09-01,1992-10-01,0.0011098689306911767,0.0067288906847986,,,,,,,,,,,,,,,,,,,
296,1992-10-01,1992-11-01,0.003781812722810109,0.0037850447982945,,,,,,,,,,,,,,,,,,,
297,1992-11-01,1992-12-01,0.003070808496537907,0.0016874963663999,,,,,,,,,,,,,,,,,,,
298,1992-12-01,1993-01-01,0.0029385764688520614,0.0038325424872445,,,,,,,,,,,,,,,,,,,
299,1993-01-01,1993-02-01,0.003056618424490724,0.0048043938793247,,,,,,,,,,,,,,,,,,,
300,1993-02-01,1993-03-01,0.001412476141242716,-0.0008739137323683,,,,,,,,,,,,,,,,,,,
301,1993-03-01,1993-04-01,0.0012175893014412353,0.002739405003636,,,,,,,,,,,,,,,,,,,
302,1993-04-01,1993-05-01,0.0016901793168737893,-0.0037915803418799,,,,,,,,,,,,,,,,,,,
303,1993-05-01,1993-06-01,-0.0006735902484155455,0.0022526473495334,,,,,,,,,,,,,,,,,,,
304,1993-06-01,1993-07-01,0.000798471722864311,0.0026931164973129,,,,,,,,,,,,,,,,,,,
305,1993-07-01,1993-08-01,0.0023548137932086987,-0.0012064683528301,,,,,,,,,,,,,,,,,,,
306,1993-08-01,1993-09-01,0.00017150208664176974,0.0052914883157351,,,,,,,,,,,,,,,,,,,
307,1993-09-01,1993-10-01,0.002035113374303389,0.0073036524223031,,,,,,,,,,,,,,,,,,,
308,1993-10-01,1993-11-01,0.0040474651721599045,0.0045590055532489,,,,,,,,,,,,,,,,,,,
309,1993-11-01,1993-12-01,0.0022903596920960958,0.0059052708470295,,,,,,,,,,,,,,,,,,,
310,1993-12-01,1994-01-01,0.0036286408663527567,0.0028736794669281,,,,,,,,,,,,,,,,,,,
311,1994-01-01,1994-02-01,0.00205071593263972,0.0005827318302769,,,,,,,,,,,,,,,,,,,
312,1994-02-01,1994-03-01,0.001115369282444674,0.0101498906066312,,,,,,,,,,,,,,,,,,,
313,1994-03-01,1994-04-01,0.004604191400304668,0.0058961380426527,,,,,,,,,,,,,,,,,,,
314,1994-04-01,1994-05-01,0.003857199602290246,0.0045904959585474,,,,,,,,,,,,,,,,,,,
315,1994-05-01,1994-06-01,0.003260653338470485,0.0067284496871362,,,,,,,,,,,,,,,,,,,
316,1994-06-01,1994-07-01,0.004669324579789882,0.0013295056794984,,,,,,,,,,,,,,,,,,,
317,1994-07-01,1994-08-01,0.0026807388877361986,0.0066818575129268,,,,,,,,,,,,,,,,,,,
318,1994-08-01,1994-09-01,0.0034057052945620303,0.0031405492615519,,,,,,,,,,,,,,,,,,,
319,1994-09-01,1994-10-01,0.0028409670384766904,0.0080129312378582,,,,,,,,,,,,,,,,,,,
320,1994-10-01,1994-11-01,0.0035074755854519676,0.0068126229566853,,,,,,,,,,,,,,,,,,,
321,1994-11-01,1994-12-01,0.004233029246420877,0.0101664259222324,,,,,,,,,,,,,,,,,,,
322,1994-12-01,1995-01-01,0.006100578965777603,0.001700536197938,,,,,,,,,,,,,,,,,,,
323,1995-01-01,1995-02-01,0.0033106782606628395,-0.0011286873050115,,,,,,,,,,,,,,,,,,,
324,1995-02-01,1995-03-01,0.0019879464641172954,0.0016603011582869,,,,,,,,,,,,,,,,,,,
325,1995-03-01,1995-04-01,0.0011308992397436862,-0.0017277257902161,,,,,,,,,,,,,,,,,,,
326,1995-04-01,1995-05-01,3.8048858893315572e-06,0.0048989069851188,,,,,,,,,,,,,,,,,,,
327,1995-05-01,1995-06-01,0.0017267586931383732,0.0033088514322034,,,,,,,,,,,,,,,,,,,
328,1995-06-01,1995-07-01,0.0035762279073746697,-0.004189892740106,,,,,,,,,,,,,,,,,,,
329,1995-07-01,1995-08-01,0.0005678713206079987,0.0131693229924509,,,,,,,,,,,,,,,,,,,
330,1995-08-01,1995-09-01,0.006053473084855388,0.0040251761874792,,,,,,,,,,,,,,,,,,,
331,1995-09-01,1995-10-01,0.002641712336968488,-0.0017591074109057,,,,,,,,,,,,,,,,,,,
332,1995-10-01,1995-11-01,0.0007627259429823497,0.0026320058946325,,,,,,,,,,,,,,,,,,,
333,1995-11-01,1995-12-01,0.0022053096675581315,0.0034648244230837,,,,,,,,,,,,,,,,,,,
334,1995-12-01,1996-01-01,0.0011991688710772238,-0.0057400787913675,,,,,,,,,,,,,,,,,,,
335,1996-01-01,1996-02-01,-0.0002708759444554369,0.0145291599264654,,,,,,,,,,,,,,,,,,,
336,1996-02-01,1996-03-01,0.005388330975515099,-0.0012250426290405,,,,,,,,,,,,,,,,,,,
337,1996-03-01,1996-04-01,0.0017924945310053121,0.0099012182605209,,,,,,,,,,,,,,,,,,,
338,1996-04-01,1996-05-01,0.005821926470108216,0.0074455836229239,,,,,,,,,,,,,,,,,,,
339,1996-05-01,1996-06-01,0.005684489451808677,0.0075933782411841,,,,,,,,,,,,,,,,,,,
340,1996-06-01,1996-07-01,0.004185509611255636,0.0001537460357097,,,,,,,,,,,,,,,,,,,
341,1996-07-01,1996-08-01,0.002689931433868648,0.0051052352845752,,,,,,,,,,,,,,,,,,,
342,1996-08-01,1996-09-01,0.002396990784918283,0.0062396321182145,,,,,,,,,,,,,,,,,,,
343,1996-09-01,1996-10-01,0.003236646626767409,0.000296094050018,,,,,,,,,,,,,,,,,,,
344,1996-10-01,1996-11-01,0.0029506891903491148,0.0091447851720687,,,,,,,,,,,,,,,,,,,
345,1996-11-01,1996-12-01,0.004439463799382738,0.0063866480924561,,,,,,,,,,,,,,,,,,,
346,1996-12-01,1997-01-01,0.005722437515162841,0.0015838703738682,,,,,,,,,,,,,,,,,,,
347,1997-01-01,1997-02-01,0.0027077183074730245,0.0118678167995964,,,,,,,,,,,,,,,,,,,
348,1997-02-01,1997-03-01,0.006441383371074987,0.0063260801601101,,,,,,,,,,,,,,,,,,,
349,1997-03-01,1997-04-01,0.003437883798266275,0.0011715145153683,,,,,,,,,,,,,,,,,,,
350,1997-04-01,1997-05-01,0.003095106465846206,0.0055243609775672,,,,,,,,,,,,,,,,,,,
351,1997-05-01,1997-06-01,0.004023726044077992,0.0045854365477637,,,,,,,,,,,,,,,,,,,
352,1997-06-01,1997-07-01,0.002567416163019597,0.0085059426597107,,,,,,,,,,,,,,,,,,,
353,1997-07-01,1997-08-01,0.004882963299038764,0.0099549460935852,,,,,,,,,,,,,,,,,,,
354,1997-08-01,1997-09-01,0.00607771745910427,0.0091175754565737,,,,,,,,,,,,,,,,,,,
355,1997-09-01,1997-10-01,0.00619274611490208,0.008827849981996,,,,,,,,,,,,,,,,,,,
356,1997-10-01,1997-11-01,0.006919604503939041,0.0078442888950283,,,,,,,,,,,,,,,,,,,
357,1997-11-01,1997-12-01,0.0056581956139008065,0.0042494435829167,,,,,,,,,,,,,,,,,,,
358,1997-12-01,1998-01-01,0.003789394690115735,0.0043737842759465,,,,,,,,,,,,,,,,,,,
359,1998-01-01,1998-02-01,0.003108554125132155,0.0016174896182681,,,,,,,,,,,,,,,,,,,
360,1998-02-01,1998-03-01,0.002454513239203836,0.0003515910121256,,,,,,,,,,,,,,,,,,,
361,1998-03-01,1998-04-01,0.0023632993657565445,0.0034253831806134,,,,,,,,,,,,,,,,,,,
362,1998-04-01,1998-05-01,0.0029428022318655966,0.0065697125334116,,,,,,,,,,,,,,,,,,,
363,1998-05-01,1998-06-01,0.003938266917239178,-0.0060166552861451,,,,,,,,,,,,,,,,,,,
364,1998-06-01,1998-07-01,0.000762153309077728,-0.0038529866935137,,,,,,,,,,,,,,,,,,,
365,1998-07-01,1998-08-01,-0.0001820382568244079,0.0204919010582775,,,,,,,,,,,,,,,,,,,
366,1998-08-01,1998-09-01,0.005338318285887017,-0.0005323279149607,,,,,,,,,,,,,,,,,,,
367,1998-09-01,1998-10-01,0.001752199086941074,0.0068129990948513,,,,,,,,,,,,,,,,,,,
368,1998-10-01,1998-11-01,0.00523180558624891,-0.0007584271645324,,,,,,,,,,,,,,,,,,,
369,1998-11-01,1998-12-01,0.002855873607655802,0.0045201495934508,,,,,,,,,,,,,,,,,,,
370,1998-12-01,1999-01-01,0.0015394453565930114,0.0043112451049784,,,,,,,,,,,,,,,,,,,
371,1999-01-01,1999-02-01,0.00337376180475515,0.0060630796503478,,,,,,,,,,,,,,,,,,,
372,1999-02-01,1999-03-01,0.0020800811752733203,0.0022660526894453,,,,,,,,,,,,,,,,,,,
373,1999-03-01,1999-04-01,0.0031936090633717523,0.0022959860915063,,,,,,,,,,,,,,,,,,,
374,1999-04-01,1999-05-01,0.00468741402604697,0.0063026472583853,,,,,,,,,,,,,,,,,,,
375,1999-05-01,1999-06-01,0.00407396234285143,-0.0007846779120086,,,,,,,,,,,,,,,,,,,
376,1999-06-01,1999-07-01,0.0019953031464297736,0.005769502318011,,,,,,,,,,,,,,,,,,,
377,1999-07-01,1999-08-01,0.001587136935896702,0.0040072431636248,,,,,,,,,,,,,,,,,,,
378,1999-08-01,1999-09-01,0.003574532454474053,-0.0040452610454524,,,,,,,,,,,,,,,,,,,
379,1999-09-01,1999-10-01,0.0008208833738742711,0.0121488838987993,,,,,,,,,,,,,,,,,,,
380,1999-10-01,1999-11-01,0.0051553011871099935,0.0048356761014245,,,,,,,,,,,,,,,,,,,
381,1999-11-01,1999-12-01,0.0032563719302978107,0.0076835338351468,,,,,,,,,,,,,,,,,,,
382,1999-12-01,2000-01-01,0.00478848153255817,-0.001368985385314,,,,,,,,,,,,,,,,,,,
383,2000-01-01,2000-02-01,0.003597617080600691,0.0031184257109906,,,,,,,,,,,,,,,,,,,
384,2000-02-01,2000-03-01,0.0017292160238923779,0.0035494125296793,,,,,,,,,,,,,,,,,,,
385,2000-03-01,2000-04-01,0.0025790433988184766,0.0059345814110471,,,,,,,,,,,,,,,,,,,
386,2000-04-01,2000-05-01,0.0027082460391926943,0.0027040320534066,,,,,,,,,,,,,,,,,,,
387,2000-05-01,2000-06-01,0.0029359564619171343,0.0003904567263823,,,,,,,,,,,,,,,,,,,
388,2000-06-01,2000-07-01,0.0030942132074722535,-0.0019527324535886,,,,,,,,,,,,,,,,,,,
389,2000-07-01,2000-08-01,0.0011390578436359206,-0.0027266333927551,,,,,,,,,,,,,,,,,,,
390,2000-08-01,2000-09-01,0.0004178882338373717,0.0046040830248808,,,,,,,,,,,,,,,,,,,
391,2000-09-01,2000-10-01,0.00039320821920693595,-0.0038933847177071,,,,,,,,,,,,,,,,,,,
392,2000-10-01,2000-11-01,3.484879441350468e-05,0.0002796044748452,,,,,,,,,,,,,,,,,,,
393,2000-11-01,2000-12-01,0.0004974900781658216,-0.0032683707203071,,,,,,,,,,,,,,,,,,,
394,2000-12-01,2001-01-01,0.0008182854383169866,-0.0047708693509234,,,,,,,,,,,,,,,,,,,
395,2001-01-01,2001-02-01,-0.0015378291792418858,-0.0065347651343703,,,,,,,,,,,,,,,,,,,
396,2001-02-01,2001-03-01,-0.0024283158571975047,-0.0020524117552422,,,,,,,,,,,,,,,,,,,
397,2001-03-01,2001-04-01,-0.0022639297916395747,-0.0035963806723389,,,,,,,,,,,,,,,,,,,
398,2001-04-01,2001-05-01,-0.0020690866562494007,-0.0047873447856305,,,,,,,,,,,,,,,,,,,
399,2001-05-01,2001-06-01,-0.0012585478175510534,-0.005294243917338,,,,,,,,,,,,,,,,,,,
400,2001-06-01,2001-07-01,-0.0024550057095457916,-0.0064248032714528,,,,,,,,,,,,,,,,,,,
401,2001-07-01,2001-08-01,-0.0030278308858317795,-0.0011484395650906,,,,,,,,,,,,,,,,,,,
402,2001-08-01,2001-09-01,-0.002138640164423913,-0.0050778760047638,,,,,,,,,,,,,,,,,,,
403,2001-09-01,2001-10-01,-0.002483963803409658,-0.0027452194543418,,,,,,,,,,,,,,,,,,,
404,2001-10-01,2001-11-01,-0.0025379107995487852,-0.0060654600853187,,,,,,,,,,,,,,,,,,,
405,2001-11-01,2001-12-01,-0.0025819581729291424,-0.0004275098074009,,,,,,,,,,,,,,,,,,,
406,2001-12-01,2002-01-01,-0.0013713038017154895,0.0066330648411705,,,,,,,,,,,,,,,,,,,
407,2002-01-01,2002-02-01,0.0017008305255373684,0.0001152246826094,,,,,,,,,,,,,,,,,,,
408,2002-02-01,2002-03-01,0.0005413236673313983,0.0072123326949231,,,,,,,,,,,,,,,,,,,
409,2002-03-01,2002-04-01,0.002717683721800723,0.0048710021656788,,,,,,,,,,,,,,,,,,,
410,2002-04-01,2002-05-01,0.003781029003190827,0.0040096284673607,,,,,,,,,,,,,,,,,,,
411,2002-05-01,2002-06-01,0.002562036445550738,0.0082150192364478,,,,,,,,,,,,,,,,,,,
412,2002-06-01,2002-07-01,0.004542766874739752,-0.0003219706394999,,,,,,,,,,,,,,,,,,,
413,2002-07-01,2002-08-01,0.001653451580898511,-0.0011111535235635,,,,,,,,,,,,,,,,,,,
414,2002-08-01,2002-09-01,0.0011075155217476164,0.000848648696599,,,,,,,,,,,,,,,,,,,
415,2002-09-01,2002-10-01,0.0017666034287494507,-0.0020848363369347,,,,,,,,,,,,,,,,,,,
416,2002-10-01,2002-11-01,-0.0002548848575343447,0.0055865759173183,,,,,,,,,,,,,,,,,,,
417,2002-11-01,2002-12-01,0.0025396959365865555,-0.0055766272909192,,,,,,,,,,,,,,,,,,,
418,2002-12-01,2003-01-01,0.00021356526829564718,0.0084854057238992,,,,,,,,,,,,,,,,,,,
419,2003-01-01,2003-02-01,0.0029134146096083348,0.001187420927927,,,,,,,,,,,,,,,,,,,
420,2003-02-01,2003-03-01,0.0030956332172146104,-0.0026319713476281,,,,,,,,,,,,,,,,,,,
421,2003-03-01,2003-04-01,9.190042223959465e-05,-0.0059747153090858,,,,,,,,,,,,,,,,,,,
422,2003-04-01,2003-05-01,-0.0013402931559436562,-0.0002727794308094,,,,,,,,,,,,,,,,,,,
423,2003-05-01,2003-06-01,-0.0014650718641721332,0.0012771147115513,,,,,,,,,,,,,,,,,,,
424,2003-06-01,2003-07-01,-0.00038525762871772454,0.0051251355505987,,,,,,,,,,,,,,,,,,,
425,2003-07-01,2003-08-01,0.0025649735191780715,-0.0021841578199746,,,,,,,,,,,,,,,,,,,
426,2003-08-01,2003-09-01,0.0006997151180142143,0.006426751702139,,,,,,,,,,,,,,,,,,,
427,2003-09-01,2003-10-01,0.00358246548102096,0.0012308567584176,,,,,,,,,,,,,,,,,,,
428,2003-10-01,2003-11-01,0.0021789425367556626,0.0066825920491968,,,,,,,,,,,,,,,,,,,
429,2003-11-01,2003-12-01,0.0025293503815918134,0.0002959460294098,,,,,,,,,,,,,,,,,,,
430,2003-12-01,2004-01-01,0.0012573177155398934,0.0015206262190341,,,,,,,,,,,,,,,,,,,
431,2004-01-01,2004-02-01,0.0013263119573301441,0.0060143061091606,,,,,,,,,,,,,,,,,,,
432,2004-02-01,2004-03-01,0.0033060612530121398,-0.0040087558487682,,,,,,,,,,,,,,,,,,,
433,2004-03-01,2004-04-01,0.0014138230087428407,0.0037074991758068,,,,,,,,,,,,,,,,,,,
434,2004-04-01,2004-05-01,0.0012224563503957077,0.0071977507067373,,,,,,,,,,,,,,,,,,,
435,2004-05-01,2004-06-01,0.003773215519269109,-0.0078328388061885,,,,,,,,,,,,,,,,,,,
436,2004-06-01,2004-07-01,0.0004698884506119368,0.0074438796836666,,,,,,,,,,,,,,,,,,,
437,2004-07-01,2004-08-01,0.0031535854446007906,0.000670966719368,,,,,,,,,,,,,,,,,,,
438,2004-08-01,2004-09-01,0.002517608058799923,0.0012701843581544,,,,,,,,,,,,,,,,,,,
439,2004-09-01,2004-10-01,0.0009699555302779697,0.0084953127372333,,,,,,,,,,,,,,,,,,,
440,2004-10-01,2004-11-01,0.003576545176686009,0.0024803554509942,,,,,,,,,,,,,,,,,,,
441,2004-11-01,2004-12-01,0.0032195446232522423,0.0079362410009355,,,,,,,,,,,,,,,,,,,
442,2004-12-01,2005-01-01,0.0035406032984721635,0.0035900791158702,,,,,,,,,,,,,,,,,,,
443,2005-01-01,2005-02-01,0.004225678078624833,0.007232846062771,,,,,,,,,,,,,,,,,,,
444,2005-02-01,2005-03-01,0.003950787925062753,-0.0013521797796176,,,,,,,,,,,,,,,,,,,
445,2005-03-01,2005-04-01,0.00214744433328351,0.0021501954438223,,,,,,,,,,,,,,,,,,,
446,2005-04-01,2005-05-01,0.0025286228986905767,0.0008997205268519,,,,,,,,,,,,,,,,,,,
447,2005-05-01,2005-06-01,0.0014569602933934868,0.0044875291574637,,,,,,,,,,,,,,,,,,,
448,2005-06-01,2005-07-01,0.0022218281991342507,-0.0031714662882169,,,,,,,,,,,,,,,,,,,
449,2005-07-01,2005-08-01,0.0015957260754931168,0.0032537883465622,,,,,,,,,,,,,,,,,,,
450,2005-08-01,2005-09-01,0.0019669603945430773,-0.0195638287695461,,,,,,,,,,,,,,,,,,,
451,2005-09-01,2005-10-01,-0.003001902026427251,0.0120643294072104,,,,,,,,,,,,,,,,,,,
452,2005-10-01,2005-11-01,0.0005303450289277363,0.0111775166214949,,,,,,,,,,,,,,,,,,,
453,2005-11-01,2005-12-01,0.0042684191486070605,0.0051516935642315,,,,,,,,,,,,,,,,,,,
454,2005-12-01,2006-01-01,0.0040919895215953215,0.0015766002009156,,,,,,,,,,,,,,,,,,,
455,2006-01-01,2006-02-01,0.004975463384325906,0.0004215001803382,,,,,,,,,,,,,,,,,,,
456,2006-02-01,2006-03-01,0.002560316888087189,0.002252114659746,,,,,,,,,,,,,,,,,,,
457,2006-03-01,2006-04-01,0.0008780122645590061,0.0030320784432706,,,,,,,,,,,,,,,,,,,
458,2006-04-01,2006-05-01,0.000529172166716907,0.0002541145564114,,,,,,,,,,,,,,,,,,,
459,2006-05-01,2006-06-01,-0.0004578914865394743,0.0031614092164247,,,,,,,,,,,,,,,,,,,
460,2006-06-01,2006-07-01,0.0010968518189870696,-0.0005127465055316,,,,,,,,,,,,,,,,,,,
461,2006-07-01,2006-08-01,0.0038175496102133347,0.0043791388783338,,,,,,,,,,,,,,,,,,,
462,2006-08-01,2006-09-01,0.0032889293018635714,-0.0016629623569395,,,,,,,,,,,,,,,,,,,
463,2006-09-01,2006-10-01,0.0006381706114884005,-0.0011474759561265,,,,,,,,,,,,,,,,,,,
464,2006-10-01,2006-11-01,0.00011749155446810202,-0.0004204326283367,,,,,,,,,,,,,,,,,,,
465,2006-11-01,2006-12-01,0.00024467975613647053,0.0101417470966893,,,,,,,,,,,,,,,,,,,
466,2006-12-01,2007-01-01,0.003090699304622206,-0.0033888659943164,,,,,,,,,,,,,,,,,,,
467,2007-01-01,2007-02-01,0.002325331756903267,0.0093784693076743,,,,,,,,,,,,,,,,,,,
468,2007-02-01,2007-03-01,0.003233401341142244,0.0017786154493029,,,,,,,,,,,,,,,,,,,
469,2007-03-01,2007-04-01,0.0038403906168301676,0.0067003199017525,,,,,,,,,,,,,,,,,,,
470,2007-04-01,2007-05-01,0.0030819975623951204,0.0009559214748104,,,,,,,,,,,,,,,,,,,
471,2007-05-01,2007-06-01,0.0030933779552665803,0.0005768477837078,,,,,,,,,,,,,,,,,,,
472,2007-06-01,2007-07-01,0.0013159652662977795,-0.0012002567099926,,,,,,,,,,,,,,,,,,,
473,2007-07-01,2007-08-01,0.0012780805849917554,0.0019240393848489,,,,,,,,,,,,,,,,,,,
474,2007-08-01,2007-09-01,0.0013083128154358417,0.0022201267844179,,,,,,,,,,,,,,,,,,,
475,2007-09-01,2007-10-01,0.002436249705919423,-0.0028240612145147,,,,,,,,,,,,,,,,,,,
476,2007-10-01,2007-11-01,0.000223938228176449,0.0053207117967142,,,,,,,,,,,,,,,,,,,
477,2007-11-01,2007-12-01,0.002560657466977372,0.0003487607063128,,,,,,,,,,,,,,,,,,,
478,2007-12-01,2008-01-01,0.0020816674534621118,-0.0013243734009682,,,,,,,,,,,,,,,,,,,
479,2008-01-01,2008-02-01,0.0009934625140158699,-0.0039296708981346,,,,,,,,,,,,,,,,,,,
480,2008-02-01,2008-03-01,-0.00039938203533961296,-0.0030504888010822,,,,,,,,,,,,,,,,,,,
481,2008-03-01,2008-04-01,-0.001120700717510688,-0.0064729557901257,,,,,,,,,,,,,,,,,,,
482,2008-04-01,2008-05-01,-0.0015364984457527813,-0.0060762051840335,,,,,,,,,,,,,,,,,,,
483,2008-05-01,2008-06-01,-0.0021054685651579193,-0.0023354873224965,,,,,,,,,,,,,,,,,,,
484,2008-06-01,2008-07-01,-0.002168907858680401,-0.0035802040650576,,,,,,,,,,,,,,,,,,,
485,2008-07-01,2008-08-01,-0.0016074996480687693,-0.0158244158056106,,,,,,,,,,,,,,,,,,,
486,2008-08-01,2008-09-01,-0.003723154296428218,-0.0450476005695623,,,,,,,,,,,,,,,,,,,
487,2008-09-01,2008-10-01,-0.00669573827415448,0.0098923206082464,,,,,,,,,,,,,,,,,,,
488,2008-10-01,2008-11-01,-0.001539964942320022,-0.0132886530605933,,,,,,,,,,,,,,,,,,,
489,2008-11-01,2008-12-01,-0.0021539693392572975,-0.0286041968539079,,,,,,,,,,,,,,,,,,,
490,2008-12-01,2009-01-01,-0.006767111823453438,-0.0252591803201429,,,,,,,,,,,,,,,,,,,
491,2009-01-01,2009-02-01,-0.00953823498136052,-0.0061041746494812,,,,,,,,,,,,,,,,,,,
492,2009-02-01,2009-03-01,-0.00826914152741418,-0.0157796956259579,,,,,,,,,,,,,,,,,,,
493,2009-03-01,2009-04-01,-0.008600349920901435,-0.0083251150630712,,,,,,,,,,,,,,,,,,,
494,2009-04-01,2009-05-01,-0.008284333252176175,-0.0101509109300241,,,,,,,,,,,,,,,,,,,
495,2009-05-01,2009-06-01,-0.006312027260439912,-0.003775936043751,,,,,,,,,,,,,,,,,,,
496,2009-06-01,2009-07-01,-0.0035428170644383494,0.0112269628491237,,,,,,,,,,,,,,,,,,,
497,2009-07-01,2009-08-01,0.0017100160942510323,0.0109072811177481,,,,,,,,,,,,,,,,,,,
498,2009-08-01,2009-09-01,0.0028803247967473713,0.008775750967465,,,,,,,,,,,,,,,,,,,
499,2009-09-01,2009-10-01,0.003709839432878291,0.0026918316470805,,,,,,,,,,,,,,,,,,,
500,2009-10-01,2009-11-01,0.005903735125517017,0.0043287252217618,,,,,,,,,,,,,,,,,,,
501,2009-11-01,2009-12-01,0.004042855587097783,0.0040498600148737,,,,,,,,,,,,,,,,,,,
502,2009-12-01,2010-01-01,0.0029141458439919015,0.0108406384790482,,,,,,,,,,,,,,,,,,,
503,2010-01-01,2010-02-01,0.0036059218067487925,0.0037459440910962,,,,,,,,,,,,,,,,,,,
504,2010-02-01,2010-03-01,0.0051812624066340926,0.0068333611273256,,,,,,,,,,,,,,,,,,,
505,2010-03-01,2010-04-01,0.006131010580612956,0.0033865562000299,,,,,,,,,,,,,,,,,,,
506,2010-04-01,2010-05-01,0.006035463211741558,0.0134185316829222,,,,,,,,,,,,,,,,,,,
507,2010-05-01,2010-06-01,0.006045276228426745,0.0018475022092525,,,,,,,,,,,,,,,,,,,
508,2010-06-01,2010-07-01,0.003677372357598528,0.0037898457435989,,,,,,,,,,,,,,,,,,,
509,2010-07-01,2010-08-01,0.0023046664512674747,0.0036579355962977,,,,,,,,,,,,,,,,,,,
510,2010-08-01,2010-09-01,0.003187169980617073,0.0029434252658697,,,,,,,,,,,,,,,,,,,
511,2010-09-01,2010-10-01,0.0024876673688166077,-0.0028376912450953,,,,,,,,,,,,,,,,,,,
512,2010-10-01,2010-11-01,0.0011503211107013397,0.0008691845526112,,,,,,,,,,,,,,,,,,,
513,2010-11-01,2010-12-01,0.0003262862220488631,0.009737829134778,,,,,,,,,,,,,,,,,,,
514,2010-12-01,2011-01-01,0.0027541350705631135,-0.0021083561409289,,,,,,,,,,,,,,,,,,,
515,2011-01-01,2011-02-01,0.0026608837108966056,-0.003978748128941,,,,,,,,,,,,,,,,,,,
516,2011-02-01,2011-03-01,0.0003860578218656493,0.0103489910718046,,,,,,,,,,,,,,,,,,,
517,2011-03-01,2011-04-01,0.0027750803318201058,-0.0032354993818444,,,,,,,,,,,,,,,,,,,
518,2011-04-01,2011-05-01,0.0003365618106867577,0.0012053529354325,,,,,,,,,,,,,,,,,,,
519,2011-05-01,2011-06-01,0.0011130602938077096,0.0030203149621863,,,,,,,,,,,,,,,,,,,
520,2011-06-01,2011-07-01,0.001459944183393328,0.0049150558673387,,,,,,,,,,,,,,,,,,,
521,2011-07-01,2011-08-01,0.001674105201802442,0.0067284438160486,,,,,,,,,,,,,,,,,,,
522,2011-08-01,2011-09-01,0.0046353573859763955,-0.0008274225944706,,,,,,,,,,,,,,,,,,,
523,2011-09-01,2011-10-01,0.0027378724054579993,0.0069164365872342,,,,,,,,,,,,,,,,,,,
524,2011-10-01,2011-11-01,0.002755653740776136,-8.659124192433865e-05,,,,,,,,,,,,,,,,,,,
525,2011-11-01,2011-12-01,0.0021594533432462075,0.0052922619015616,,,,,,,,,,,,,,,,,,,
526,2011-12-01,2012-01-01,0.0026639982610365317,0.0059465566157381,,,,,,,,,,,,,,,,,,,
527,2012-01-01,2012-02-01,0.0034393978638316515,0.0032105037842917,,,,,,,,,,,,,,,,,,,
528,2012-02-01,2012-03-01,0.0025551588486955185,-0.0051911748236843,,,,,,,,,,,,,,,,,,,
529,2012-03-01,2012-04-01,0.002372082386349858,0.0071677585057825,,,,,,,,,,,,,,,,,,,
530,2012-04-01,2012-05-01,0.0023688308987042106,0.0023065483365494,,,,,,,,,,,,,,,,,,,
531,2012-05-01,2012-06-01,0.0018502195771604433,5.529183852992503e-05,,,,,,,,,,,,,,,,,,,
532,2012-06-01,2012-07-01,0.0007675010054379596,0.0020967842001429,,,,,,,,,,,,,,,,,,,
533,2012-07-01,2012-08-01,0.0019284951704940279,-0.0042882704697033,,,,,,,,,,,,,,,,,,,
534,2012-08-01,2012-09-01,0.0006567850861683448,-0.000733960055224,,,,,,,,,,,,,,,,,,,
535,2012-09-01,2012-10-01,-0.00013353608006454144,0.0034679632891858,,,,,,,,,,,,,,,,,,,
536,2012-10-01,2012-11-01,0.0011493122969160022,0.0036609386281414,,,,,,,,,,,,,,,,,,,
537,2012-11-01,2012-12-01,0.0007988788433270116,0.0023667469005932,,,,,,,,,,,,,,,,,,,
538,2012-12-01,2013-01-01,0.0014702724080105276,0.0002451126233573,,,,,,,,,,,,,,,,,,,
539,2013-01-01,2013-02-01,0.002406258051725122,0.0046660051793319,,,,,,,,,,,,,,,,,,,
540,2013-02-01,2013-03-01,0.0024041573119991688,0.0040204876513261,,,,,,,,,,,,,,,,,,,
541,2013-03-01,2013-04-01,0.001929086764178767,-0.0008633445250438,,,,,,,,,,,,,,,,,,,
542,2013-04-01,2013-05-01,0.0013860417808234868,0.0007806732341153,,,,,,,,,,,,,,,,,,,
543,2013-05-01,2013-06-01,0.0010351168102401861,0.0020727838311218,,,,,,,,,,,,,,,,,,,
544,2013-06-01,2013-07-01,0.001628413334789856,-0.0031067520457499,,,,,,,,,,,,,,,,,,,
545,2013-07-01,2013-08-01,0.0011824982731072154,0.0057654622391307,,,,,,,,,,,,,,,,,,,
546,2013-08-01,2013-09-01,0.0018722124673473406,0.0050716945710824,,,,,,,,,,,,,,,,,,,
547,2013-09-01,2013-10-01,0.0027313596007993053,-0.0007890413557394,,,,,,,,,,,,,,,,,,,
548,2013-10-01,2013-11-01,0.0017967619332799841,0.0023333600077277,,,,,,,,,,,,,,,,,,,
549,2013-11-01,2013-12-01,0.002544748865467977,0.002008631714113,,,,,,,,,,,,,,,,,,,
550,2013-12-01,2014-01-01,0.0017807965616004572,-0.0035639327448748,,,,,,,,,,,,,,,,,,,
551,2014-01-01,2014-02-01,4.395232857492713e-05,0.007528506037616,,,,,,,,,,,,,,,,,,,
552,2014-02-01,2014-03-01,0.001800005472429134,0.0096386050748114,,,,,,,,,,,,,,,,,,,
553,2014-03-01,2014-04-01,0.004334693491071515,0.0009672024963487,,,,,,,,,,,,,,,,,,,
554,2014-04-01,2014-05-01,0.003490425060088084,0.0038243209715158,,,,,,,,,,,,,,,,,,,
555,2014-05-01,2014-06-01,0.004073653421829463,0.0034263137889523,,,,,,,,,,,,,,,,,,,
556,2014-06-01,2014-07-01,0.0027991622611326958,0.0022187855179991,,,,,,,,,,,,,,,,,,,
557,2014-07-01,2014-08-01,0.001362071165865552,-0.0018898378264742,,,,,,,,,,,,,,,,,,,
558,2014-08-01,2014-09-01,0.0008557873529511529,0.0028693197501494,,,,,,,,,,,,,,,,,,,
559,2014-09-01,2014-10-01,0.0010395763666121553,0.0001193360840261,,,,,,,,,,,,,,,,,,,
560,2014-10-01,2014-11-01,0.0015363183787303189,0.0061531513501895,,,,,,,,,,,,,,,,,,,
561,2014-11-01,2014-12-01,0.003410541286434844,-7.906777172816959e-05,,,,,,,,,,,,,,,,,,,
562,2014-12-01,2015-01-01,0.002685867341444381,-0.0078792284874769,,,,,,,,,,,,,,,,,,,
563,2015-01-01,2015-02-01,-0.0008218190341105617,-0.006405903226315,,,,,,,,,,,,,,,,,,,
564,2015-02-01,2015-03-01,-0.0020313375387972783,-0.0033518725083752,,,,,,,,,,,,,,,,,,,
565,2015-03-01,2015-04-01,-0.002800354479677336,-0.005470746111496,,,,,,,,,,,,,,,,,,,
566,2015-04-01,2015-05-01,-0.0033002130296981074,-0.0044228298448434,,,,,,,,,,,,,,,,,,,
567,2015-05-01,2015-06-01,-0.002189266919926222,-0.0031500185136206,,,,,,,,,,,,,,,,,,,
568,2015-06-01,2015-07-01,-0.001484027876308937,0.0064600821906077,,,,,,,,,,,,,,,,,,,
569,2015-07-01,2015-08-01,0.0017055452632954928,-0.0018402107442865,,,,,,,,,,,,,,,,,,,
570,2015-08-01,2015-09-01,0.001106140790922056,-0.0027949673135552,,,,,,,,,,,,,,,,,,,
571,2015-09-01,2015-10-01,-0.0005607014601856355,-0.0048472353195281,,,,,,,,,,,,,,,,,,,
572,2015-10-01,2015-11-01,-0.0019063715016070662,-0.007384517731686,,,,,,,,,,,,,,,,,,,
573,2015-11-01,2015-12-01,-0.003154802080384119,-0.0049161232406857,,,,,,,,,,,,,,,,,,,
574,2015-12-01,2016-01-01,-0.0026104870715354467,0.005226534839914,,,,,,,,,,,,,,,,,,,
575,2016-01-01,2016-02-01,-0.00015744549462790285,-0.0051982643192998,,,,,,,,,,,,,,,,,,,
576,2016-02-01,2016-03-01,2.9244213922291224e-05,-0.0074475614830165,,,,,,,,,,,,,,,,,,,
577,2016-03-01,2016-04-01,-0.0002046903776190918,0.0033764655587065,,,,,,,,,,,,,,,,,,,
578,2016-04-01,2016-05-01,0.0007668041129427522,-0.0022703697198567,,,,,,,,,,,,,,,,,,,
579,2016-05-01,2016-06-01,-0.0010798789680311965,0.0047125884915697,,,,,,,,,,,,,,,,,,,
580,2016-06-01,2016-07-01,6.679969232736491e-05,0.0011714023549629,,,,,,,,,,,,,,,,,,,
581,2016-07-01,2016-08-01,0.0014656978298992537,-0.0015082196772331,,,,,,,,,,,,,,,,,,,
582,2016-08-01,2016-09-01,0.0007623562805335496,-0.0010556910872727,,,,,,,,,,,,,,,,,,,
583,2016-09-01,2016-10-01,0.0017452121588232288,0.0001559439981937,,,,,,,,,,,,,,,,,,,
584,2016-10-01,2016-11-01,0.0003058172596617794,-0.0041804087257064,,,,,,,,,,,,,,,,,,,
585,2016-11-01,2016-12-01,-0.0012452360591194544,0.0068125945893555,,,,,,,,,,,,,,,,,,,
586,2016-12-01,2017-01-01,0.0009755603381114925,-0.0026321858636491,,,,,,,,,,,,,,,,,,,
587,2017-01-01,2017-02-01,0.0018243205265299428,-0.0040228192946498,,,,,,,,,,,,,,,,,,,
588,2017-02-01,2017-03-01,0.0007591036084150073,0.0065772411659166,,,,,,,,,,,,,,,,,,,
589,2017-03-01,2017-04-01,0.0017515926394681526,0.0101359365050237,,,,,,,,,,,,,,,,,,,
590,2017-04-01,2017-05-01,0.0032038052534120883,0.0011830347817092,,,,,,,,,,,,,,,,,,,
591,2017-05-01,2017-06-01,0.0030015410862308895,0.00205798028521,,,,,,,,,,,,,,,,,,,
592,2017-06-01,2017-07-01,0.002821036186986152,-0.0023975598889283,,,,,,,,,,,,,,,,,,,
593,2017-07-01,2017-08-01,0.0013248874868703256,-0.0041471676206601,,,,,,,,,,,,,,,,,,,
594,2017-08-01,2017-09-01,-0.0006205596710236105,0.0010316416096038,,,,,,,,,,,,,,,,,,,
595,2017-09-01,2017-10-01,-0.000169253213018963,0.0122429513273667,,,,,,,,,,,,,,,,,,,
596,2017-10-01,2017-11-01,0.002259051712411698,0.0023896267805678,,,,,,,,,,,,,,,,,,,
597,2017-11-01,2017-12-01,0.003236002320995169,0.0019533298635989,,,,,,,,,,,,,,,,,,,
598,2017-12-01,2018-01-01,0.004393618089000002,-1.872595501151153e-05,,,,,,,,,,,,,,,,,,,
599,2018-01-01,2018-02-01,0.0027824110233932086,0.0024216066290527,,,,,,,,,,,,,,,,,,,
600,2018-02-01,2018-03-01,0.0002840887925701493,0.004886354634384,,,,,,,,,,,,,,,,,,,
601,2018-03-01,2018-04-01,0.0011612944387914914,0.0109585819031714,,,,,,,,,,,,,,,,,,,
602,2018-04-01,2018-05-01,0.003085807428819036,-0.0090456654231489,,,,,,,,,,,,,,,,,,,
603,2018-05-01,2018-06-01,0.0020683829638857678,0.0077393231839559,,,,,,,,,,,,,,,,,,,
604,2018-06-01,2018-07-01,0.003752371689275869,0.0016130706732431,,,,,,,,,,,,,,,,,,,
605,2018-07-01,2018-08-01,0.0038161352976193567,0.006442729109767,,,,,,,,,,,,,,,,,,,
606,2018-08-01,2018-09-01,0.0013417308931705817,0.0006505452749951,,,,,,,,,,,,,,,,,,,
607,2018-09-01,2018-10-01,0.002208627140100061,-0.0011033900564871,,,,,,,,,,,,,,,,,,,
608,2018-10-01,2018-11-01,0.000773257651817907,0.000793064524438,,,,,,,,,,,,,,,,,,,
609,2018-11-01,2018-12-01,0.0015994257499817597,0.0002450018435427,,,,,,,,,,,,,,,,,,,
610,2018-12-01,2019-01-01,0.0006674135001264482,-0.0066652230383583,,,,,,,,,,,,,,,,,,,
611,2019-01-01,2019-02-01,-0.0007896029149301463,-0.0054790884900661,,,,,,,,,,,,,,,,,,,
612,2019-02-01,2019-03-01,-0.0025668423775435803,0.0003752804925412,,,,,,,,,,,,,,,,,,,
613,2019-03-01,2019-04-01,-0.001170652766961653,-0.0058659771411617,,,,,,,,,,,,,,,,,,,
614,2019-04-01,2019-05-01,-0.0013158191260818934,0.001153098346327,,,,,,,,,,,,,,,,,,,
615,2019-05-01,2019-06-01,-0.0014370636899693865,0.0004442719505579,,,,,,,,,,,,,,,,,,,
616,2019-06-01,2019-07-01,-0.0003538985389117829,-0.0048606038693659,,,,,,,,,,,,,,,,,,,
617,2019-07-01,2019-08-01,-0.0015856507193508268,0.0068257248349024,,,,,,,,,,,,,,,,,,,
618,2019-08-01,2019-09-01,0.0011218262859175492,-0.0033894417233817,,,,,,,,,,,,,,,,,,,
619,2019-09-01,2019-10-01,0.0002866207577487327,-0.008478362664281,,,,,,,,,,,,,,,,,,,
620,2019-10-01,2019-11-01,-0.0017593372622922354,0.0050067643152127,,,,,,,,,,,,,,,,,,,
621,2019-11-01,2019-12-01,0.0003164958880672382,-0.0023266844944638,,,,,,,,,,,,,,,,,,,
622,2019-12-01,2020-01-01,3.997585060015372e-05,-0.0065751385800458,,,,,,,,,,,,,,,,,,,
623,2020-01-01,2020-02-01,-0.0008933352026941075,0.0033566014560095,,,,,,,,,,,,,,,,,,,
624,2020-02-01,2020-03-01,3.365853846090715e-05,-0.0399054262010247,,,,,,,,,,,,,,,,,,,
625,2020-03-01,2020-04-01,-0.0017145070919241327,-0.1414224790154561,,,,,,,,,,,,,,,,,,,
626,2020-04-01,2020-05-01,-0.006771294948406037,0.0164029145284585,,,,,,,,,,,,,,,,,,,
627,2020-05-01,2020-06-01,-0.001935371803880791,0.0634724915918267,,,,,,,,,,,,,,,,,,,
628,2020-06-01,2020-07-01,0.003223858634953727,0.0367871123008001,,,,,,,,,,,,,,,,,,,
629,2020-07-01,2020-08-01,0.011202039410166656,0.0097319604312513,,,,,,,,,,,,,,,,,,,
630,2020-08-01,2020-09-01,0.011858091838709613,0.0001250509323655,,,,,,,,,,,,,,,,,,,
631,2020-09-01,2020-10-01,0.006251986569523347,0.0080174248373063,,,,,,,,,,,,,,,,,,,
632,2020-10-01,2020-11-01,0.005074419624401513,0.0035310967909989,,,,,,,,,,,,,,,,,,,
633,2020-11-01,2020-12-01,0.0004563926325336532,0.0131128551110437,,,,,,,,,,,,,,,,,,,
634,2020-12-01,2021-01-01,0.003296940301336654,0.0052645255666039,,,,,,,,,,,,,,,,,,,
635,2021-01-01,2021-02-01,0.006065502026338888,-0.0336005769994232,,,,,,,,,,,,,,,,,,,
636,2021-02-01,2021-03-01,0.002264431416098793,0.0285657862324502,,,,,,,,,,,,,,,,,,,
637,2021-03-01,2021-04-01,0.008477696220541637,0.0017578578773207,,,,,,,,,,,,,,,,,,,
638,2021-04-01,2021-05-01,0.003140294631496129,0.0088347578563929,,,,,,,,,,,,,,,,,,,
639,2021-05-01,2021-06-01,0.002817796361547344,0.0036680895609242,,,,,,,,,,,,,,,,,,,
640,2021-06-01,2021-07-01,0.0038232997994677655,0.00453086144506,,,,,,,,,,,,,,,,,,,
641,2021-07-01,2021-08-01,0.0018732945217844652,-0.002078928094134,,,,,,,,,,,,,,,,,,,
642,2021-08-01,2021-09-01,0.0038464819918079046,-0.0119236250388361,,,,,,,,,,,,,,,,,,,
643,2021-09-01,2021-10-01,7.131051392912841e-05,0.0133459909804463,,,,,,,,,,,,,,,,,,,
644,2021-10-01,2021-11-01,0.000634196364174667,0.0067574983021634,,,,,,,,,,,,,,,,,,,
645,2021-11-01,2021-12-01,0.002350071776035986,-0.0029071000130063,,,,,,,,,,,,,,,,,,,
646,2021-12-01,2022-01-01,0.004162577409897273,-0.0038553890138945,,,,,,,,,,,,,,,,,,,
647,2022-01-01,2022-02-01,0.0034133438082441115,0.0061773799369513,,,,,,,,,,,,,,,,,,,
648,2022-02-01,2022-03-01,-7.080037457963206e-05,0.0057795252893599,,,,,,,,,,,,,,,,,,,
649,2022-03-01,2022-04-01,0.0027171619331974916,0.0004861197143313,,,,,,,,,,,,,,,,,,,
650,2022-04-01,2022-05-01,0.001656738255164572,-0.0010504332153136,,,,,,,,,,,,,,,,,,,
651,2022-05-01,2022-06-01,0.0008759743962260217,-0.0031183386894699,,,,,,,,,,,,,,,,,,,
652,2022-06-01,2022-07-01,-0.000753921703859415,0.0020272849739724,,,,,,,,,,,,,,,,,,,
653,2022-07-01,2022-08-01,0.0011139639359933732,-0.0012524758296699,,,,,,,,,,,,,,,,,,,
654,2022-08-01,2022-09-01,0.0007190769103114958,0.0019319323696054,,,,,,,,,,,,,,,,,,,
655,2022-09-01,2022-10-01,-0.0010259171008115534,-0.0003841127462562,,,,,,,,,,,,,,,,,,,
656,2022-10-01,2022-11-01,2.6982505281088068e-05,-0.0029444934707285,,,,,,,,,,,,,,,,,,,
657,2022-11-01,2022-12-01,0.00016043582260612125,-0.011845400797525,,,,,,,,,,,,,,,,,,,
658,2022-12-01,2023-01-01,-0.0012062759730817258,0.0073760242218297,,,,,,,,,,,,,,,,,,,
659,2023-01-01,2023-02-01,-0.0005722780826237202,0.0013582135715868,,,,,,,,,,,,,,,,,,,
660,2023-02-01,2023-03-01,0.0009809068333336557,0.003757775465659,,,,,,,,,,,,,,,,,,,
661,2023-03-01,2023-04-01,0.0006429520150150467,0.0022988686347238,,,,,,,,,,,,,,,,,,,
662,2023-04-01,2023-05-01,0.0019486662848681765,-0.0032089990224672,,,,,,,,,,,,,,,,,,,
663,2023-05-01,2023-06-01,0.0004726159880231824,-0.0080478648050226,,,,,,,,,,,,,,,,,,,
664,2023-06-01,2023-07-01,-0.0005932951727172973,0.0078308561837765,,,,,,,,,,,,,,,,,,,
665,2023-07-01,2023-08-01,0.0007503703021958157,-0.0006681669277961,,,,,,,,,,,,,,,,,,,
666,2023-08-01,2023-09-01,0.0008368816993776675,0.0018012453076874,,,,,,,,,,,,,,,,,,,
667,2023-09-01,2023-10-01,0.00047311016137806965,-0.0054811790410731,,,,,,,,,,,,,,,,,,,
668,2023-10-01,2023-11-01,0.0010154847740907079,0.0039238564884236,,,,,,,,,,,,,,,,,,,
669,2023-11-01,2023-12-01,0.0008930485218610223,-0.0025890110606505,,,,,,,,,,,,,,,,,,,
670,2023-12-01,2024-01-01,0.0005603378497389922,-0.0138202848856545,,,,,,,,,,,,,,,,,,,
671,2024-01-01,2024-02-01,-0.0017896598251023813,0.0106533450234573,,,,,,,,,,,,,,,,,,,
672,2024-02-01,2024-03-01,0.000549999916828401,0.0017186200476606,,,,,,,,,,,,,,,,,,,
673,2024-03-01,2024-04-01,0.0016290388448676602,-0.0021335238777089,,,,,,,,,,,,,,,,,,,
674,2024-04-01,2024-05-01,0.0018418228554405536,0.0061619317981485,,,,,,,,,,,,,,,,,,,
675,2024-05-01,2024-06-01,0.0026885692956904756,0.0003073003687008,,,,,,,,,,,,,,,,,,,
676,2024-06-01,2024-07-01,0.00041155623476959134,-0.0091433043160034,,,,,,,,,,,,,,,,,,,
677,2024-07-01,2024-08-01,0.000504463731441908,0.0045427723719839,,,,,,,,,,,,,,,,,,,
678,2024-08-01,2024-09-01,0.0008965420826268971,-0.0062175807186557,,,,,,,,,,,,,,,,,,,
679,2024-09-01,2024-10-01,-0.00029910271896011376,-0.0034012836016454,,,,,,,,,,,,,,,,,,,
680,2024-10-01,2024-11-01,-0.0017859086481863354,-0.0017810250127059,,,,,,,,,,,,,,,,,,,
681,2024-11-01,2024-12-01,0.00012415609550166218,0.0103678018845609,,,,,,,,,,,,,,,,,,,
682,2024-12-01,2025-01-01,0.0018582448308585818,-0.0026208646085175,,,,,,,,,,,,,,,,,,,
683,2025-01-01,2025-02-01,0.001606832136655695,0.0102862253908435,,,,,,,,,,,,,,,,,,,
684,2025-02-01,2025-03-01,0.0031615840925795138,-0.0005827653020853,,,,,,,,,,,,,,,,,,,
685,2025-03-01,2025-04-01,0.0032500181819368366,0.0008656154843622,,,,,,,,,,,,,,,,,,,
686,2025-04-01,2025-05-01,0.0006019341441455507,-0.0016071780172621,,,,,,,,,,,,,,,,,,,
687,2025-05-01,2025-06-01,0.0016032509068915392,0.0050680790544692,,,,,,,,,,,,,,,,,,,
688,2025-06-01,2025-07-01,0.00047752580238882305,0.0038878389663921,,,,,,,,,,,,,,,,,,,
689,2025-07-01,2025-08-01,0.002013405447430652,-0.0026725565936223,,,,,,,,,,,,,,,,,,,
690,2025-08-01,2025-09-01,0.0017709134500652184,0.0006985617783143,,,,,,,,,,,,,,,,,,,
